grade,subject,school,student_id,score
Kindergarten,ELA,JMTES,1281335277,1024
Kindergarten,ELA,JMTES,8545380815,1070
Kindergarten,ELA,JMTES,7870480881,1056
Kindergarten,ELA,JMTES,3368668841,1048
Kindergarten,ELA,JMTES,2164761671,1062
Kindergarten,ELA,JMTES,5016305857,1059
Kindergarten,ELA,JMTES,1571820886,1064
Kindergarten,ELA,JMTES,4642137608,1071
Kindergarten,ELA,JMTES,5516757531,1040
Kindergarten,ELA,JMTES,4623230243,1047
Kindergarten,ELA,JMTES,7115522582,1066
Kindergarten,ELA,JMTES,2823857728,1070
Kindergarten,ELA,JMTES,6265846142,1057
Kindergarten,ELA,JMTES,7847462433,1023
Kindergarten,ELA,JMTES,2075503182,1072
Kindergarten,ELA,JMTES,5126383372,1073
Kindergarten,ELA,JMTES,7454881042,1048
Kindergarten,ELA,JMTES,8532567423,1063
Kindergarten,ELA,JMTES,5413244554,1074
Kindergarten,ELA,JMTES,6060263806,1069
Kindergarten,ELA,JMTES,1401234515,1072
Kindergarten,ELA,JMTES,8257212275,1056
Kindergarten,ELA,JMTES,5502486531,1067
Kindergarten,ELA,JMTES,3105132411,1063
Kindergarten,ELA,JMTES,8168157341,1061
Kindergarten,ELA,JMTES,3503322076,1069
Kindergarten,ELA,JMTES,3316787216,1074
Kindergarten,ELA,JMTES,8346731262,1055
Kindergarten,ELA,JMTES,8328455856,1043
Kindergarten,ELA,JMTES,7481634806,1073
Kindergarten,ELA,JMTES,8227401564,1066
Kindergarten,ELA,JMTES,8468221268,1038
Kindergarten,ELA,JMTES,8488104515,1063
Kindergarten,ELA,JMTES,3861166743,1047
Kindergarten,ELA,JMTES,8842832473,1061
Kindergarten,ELA,JMTES,7147016833,1063
Kindergarten,ELA,JMTES,6041588515,1064
Kindergarten,ELA,JMTES,8446347283,1041
Kindergarten,ELA,JMTES,2337025058,1062
Kindergarten,ELA,JMTES,1336070802,1051
Kindergarten,ELA,JMTES,5548007443,1047
Kindergarten,ELA,JMTES,3737167037,1072
Kindergarten,ELA,JMTES,4262612834,1067
Kindergarten,ELA,JMTES,7485705313,1065
Kindergarten,ELA,JMTES,2456201474,1056
Kindergarten,ELA,JMTES,2242151636,1057
Kindergarten,ELA,JMTES,2678158112,1064
Kindergarten,ELA,JMTES,4361857418,1068
Kindergarten,ELA,JMTES,5533781378,1074
Kindergarten,ELA,JMTES,8172887263,1070
Kindergarten,ELA,JMTES,1442208607,1043
Kindergarten,ELA,JMTES,7283720144,1050
Kindergarten,ELA,JMTES,4324778325,1060
Kindergarten,ELA,JMTES,2168086213,1068
Kindergarten,Math,JMTES,1281335277,1031
Kindergarten,Math,JMTES,8545380815,1074
Kindergarten,Math,JMTES,7870480881,1037
Kindergarten,Math,JMTES,3368668841,1041
Kindergarten,Math,JMTES,2164761671,1045
Kindergarten,Math,JMTES,5016305857,1067
Kindergarten,Math,JMTES,1571820886,1063
Kindergarten,Math,JMTES,4642137608,1072
Kindergarten,Math,JMTES,5516757531,1047
Kindergarten,Math,JMTES,4623230243,1041
Kindergarten,Math,JMTES,7115522582,1052
Kindergarten,Math,JMTES,2823857728,1064
Kindergarten,Math,JMTES,6265846142,1053
Kindergarten,Math,JMTES,7847462433,1028
Kindergarten,Math,JMTES,2075503182,1060
Kindergarten,Math,JMTES,5126383372,1084
Kindergarten,Math,JMTES,7454881042,1019
Kindergarten,Math,JMTES,8532567423,1070
Kindergarten,Math,JMTES,5413244554,1108
Kindergarten,Math,JMTES,6060263806,1063
Kindergarten,Math,JMTES,1401234515,1054
Kindergarten,Math,JMTES,8257212275,1049
Kindergarten,Math,JMTES,5502486531,1067
Kindergarten,Math,JMTES,3105132411,1049
Kindergarten,Math,JMTES,8168157341,1054
Kindergarten,Math,JMTES,3503322076,1085
Kindergarten,Math,JMTES,3316787216,1068
Kindergarten,Math,JMTES,8346731262,1052
Kindergarten,Math,JMTES,8328455856,1047
Kindergarten,Math,JMTES,7481634806,1075
Kindergarten,Math,JMTES,8227401564,1062
Kindergarten,Math,JMTES,8468221268,1031
Kindergarten,Math,JMTES,8488104515,1048
Kindergarten,Math,JMTES,3861166743,1047
Kindergarten,Math,JMTES,8842832473,1069
Kindergarten,Math,JMTES,7147016833,1054
Kindergarten,Math,JMTES,6041588515,1075
Kindergarten,Math,JMTES,8446347283,1047
Kindergarten,Math,JMTES,2337025058,1049
Kindergarten,Math,JMTES,1336070802,1058
Kindergarten,Math,JMTES,5548007443,1054
Kindergarten,Math,JMTES,3737167037,1067
Kindergarten,Math,JMTES,4262612834,1087
Kindergarten,Math,JMTES,7485705313,1059
Kindergarten,Math,JMTES,2456201474,1042
Kindergarten,Math,JMTES,2242151636,1052
Kindergarten,Math,JMTES,2678158112,1085
Kindergarten,Math,JMTES,4361857418,1059
Kindergarten,Math,JMTES,5533781378,1073
Kindergarten,Math,JMTES,8172887263,1064
Kindergarten,Math,JMTES,1442208607,1040
Kindergarten,Math,JMTES,7283720144,1044
Kindergarten,Math,JMTES,4324778325,1077
Kindergarten,Math,JMTES,2168086213,1071
Kindergarten,ELA,JES,1130750711,1061
Kindergarten,ELA,JES,1704355442,1037
Kindergarten,ELA,JES,6035882474,1046
Kindergarten,ELA,JES,8040377668,1063
Kindergarten,ELA,JES,6470848375,1069
Kindergarten,ELA,JES,1552465211,1077
Kindergarten,ELA,JES,8075755073,1066
Kindergarten,ELA,JES,5815648854,1064
Kindergarten,ELA,JES,4082050754,1050
Kindergarten,ELA,JES,1623528582,1078
Kindergarten,ELA,JES,5464087505,1067
Kindergarten,ELA,JES,3805518727,1072
Kindergarten,ELA,JES,2502613047,1068
Kindergarten,ELA,JES,1030266188,1058
Kindergarten,ELA,JES,7811801783,1044
Kindergarten,ELA,JES,6425847721,1036
Kindergarten,ELA,JES,5165240467,1065
Kindergarten,ELA,JES,2147605721,1040
Kindergarten,ELA,JES,8518276362,1070
Kindergarten,ELA,JES,6465216143,1073
Kindergarten,ELA,JES,8260154717,1045
Kindergarten,ELA,JES,3360122164,1073
Kindergarten,ELA,JES,2061784681,1077
Kindergarten,ELA,JES,8832726862,1079
Kindergarten,ELA,JES,5722186376,1073
Kindergarten,ELA,JES,4687562267,1049
Kindergarten,ELA,JES,2248572067,1076
Kindergarten,ELA,JES,3576146872,1033
Kindergarten,ELA,JES,3020472874,1062
Kindergarten,ELA,JES,1417760223,1036
Kindergarten,ELA,JES,6454748133,1053
Kindergarten,ELA,JES,4112502831,1064
Kindergarten,ELA,JES,6550332266,1067
Kindergarten,ELA,JES,4267224822,1043
Kindergarten,ELA,JES,4307454824,1116
Kindergarten,ELA,JES,7701453728,1037
Kindergarten,ELA,JES,3837401008,1069
Kindergarten,ELA,JES,7768821126,1036
Kindergarten,ELA,JES,7801760468,1064
Kindergarten,ELA,JES,4714367563,1036
Kindergarten,ELA,JES,3818215848,1032
Kindergarten,ELA,JES,6106427138,1073
Kindergarten,ELA,JES,6362505648,1061
Kindergarten,ELA,JES,3658807285,1060
Kindergarten,ELA,JES,6817143281,1049
Kindergarten,ELA,JES,2428055446,1054
Kindergarten,ELA,JES,5054501637,1027
Kindergarten,ELA,JES,3581753302,1040
Kindergarten,ELA,JES,5315547782,1055
Kindergarten,ELA,JES,7810448115,1053
Kindergarten,ELA,JES,1420168054,1067
Kindergarten,ELA,JES,1248141528,1040
Kindergarten,ELA,JES,2348126645,1071
Kindergarten,ELA,JES,3214501683,1057
Kindergarten,ELA,JES,600412666,1071
Kindergarten,ELA,JES,4423133288,1065
Kindergarten,ELA,JES,4567063745,1071
Kindergarten,ELA,JES,3006700601,1041
Kindergarten,ELA,JES,8607427746,1066
Kindergarten,ELA,JES,2501674226,1058
Kindergarten,ELA,JES,4313830313,1072
Kindergarten,ELA,JES,2733271004,1045
Kindergarten,ELA,JES,7640280386,1068
Kindergarten,ELA,JES,8113050515,1061
Kindergarten,ELA,JES,6156336074,1062
Kindergarten,ELA,JES,6032473326,1071
Kindergarten,ELA,JES,1546431132,1062
Kindergarten,ELA,JES,2443632606,1059
Kindergarten,ELA,JES,3371707323,1085
Kindergarten,ELA,JES,1332466314,1061
Kindergarten,ELA,JES,7708486374,1065
Kindergarten,ELA,JES,4212630485,1053
Kindergarten,ELA,JES,2565500653,1070
Kindergarten,ELA,JES,1172162648,1070
Kindergarten,ELA,JES,3837288354,1066
Kindergarten,ELA,JES,7570217866,1057
Kindergarten,ELA,JES,5338301847,1037
Kindergarten,ELA,JES,3080210326,1035
Kindergarten,ELA,JES,5868525531,1064
Kindergarten,ELA,JES,6746382004,1054
Kindergarten,ELA,JES,8827808202,1057
Kindergarten,ELA,JES,2776701253,1050
Kindergarten,ELA,JES,7166548556,1068
Kindergarten,ELA,JES,3351784178,1063
Kindergarten,ELA,JES,3541850355,1057
Kindergarten,ELA,JES,4725534543,1069
Kindergarten,ELA,JES,6754584052,1060
Kindergarten,ELA,JES,1705803861,1068
Kindergarten,ELA,JES,8461556082,1060
Kindergarten,ELA,JES,1137861447,1054
Kindergarten,ELA,JES,5120817411,1063
Kindergarten,ELA,JES,8047604586,1035
Kindergarten,ELA,JES,3058188254,1068
Kindergarten,ELA,JES,4260746312,1032
Kindergarten,ELA,JES,1312078814,1066
Kindergarten,ELA,JES,2740447574,1061
Kindergarten,ELA,JES,6528118317,1059
Kindergarten,ELA,JES,4687600886,1061
Kindergarten,ELA,JES,5727238362,1071
Kindergarten,ELA,JES,4778801818,1029
Kindergarten,ELA,JES,1125104618,1041
Kindergarten,ELA,JES,6675685614,1000
Kindergarten,ELA,JES,2203582821,1074
Kindergarten,ELA,JES,4125483721,1068
Kindergarten,ELA,JES,1133485035,1044
Kindergarten,ELA,JES,3325300375,1034
Kindergarten,ELA,JES,8620804011,1070
Kindergarten,ELA,JES,2178068671,1047
Kindergarten,ELA,JES,4230627077,1078
Kindergarten,ELA,JES,5217135654,1045
Kindergarten,ELA,JES,7352334406,1065
Kindergarten,ELA,JES,1246450457,1059
Kindergarten,ELA,JES,6300224487,1012
Kindergarten,ELA,JES,3300880106,1055
Kindergarten,ELA,JES,1246466324,1064
Kindergarten,ELA,JES,5544018157,1048
Kindergarten,ELA,JES,6482477553,1061
Kindergarten,ELA,JES,3763625512,1026
Kindergarten,ELA,JES,6113862121,1074
Kindergarten,ELA,JES,1068773742,1057
Kindergarten,ELA,JES,6607381685,1058
Kindergarten,ELA,JES,4043372487,1049
Kindergarten,ELA,JES,2136847558,1066
Kindergarten,ELA,JES,6037654325,1068
Kindergarten,ELA,JES,1768385656,1068
Kindergarten,ELA,JES,7603823566,1073
Kindergarten,Math,JES,1130750711,1067
Kindergarten,Math,JES,1704355442,1027
Kindergarten,Math,JES,6035882474,1043
Kindergarten,Math,JES,8040377668,1056
Kindergarten,Math,JES,6470848375,1077
Kindergarten,Math,JES,1552465211,1117
Kindergarten,Math,JES,8075755073,1067
Kindergarten,Math,JES,5815648854,1050
Kindergarten,Math,JES,4082050754,1054
Kindergarten,Math,JES,1623528582,1098
Kindergarten,Math,JES,5464087505,1067
Kindergarten,Math,JES,3805518727,1072
Kindergarten,Math,JES,2502613047,1036
Kindergarten,Math,JES,1030266188,1041
Kindergarten,Math,JES,7811801783,1028
Kindergarten,Math,JES,6425847721,1043
Kindergarten,Math,JES,5165240467,1038
Kindergarten,Math,JES,2147605721,1042
Kindergarten,Math,JES,8518276362,1086
Kindergarten,Math,JES,6465216143,1072
Kindergarten,Math,JES,8260154717,1033
Kindergarten,Math,JES,3360122164,1073
Kindergarten,Math,JES,2061784681,1071
Kindergarten,Math,JES,8832726862,1067
Kindergarten,Math,JES,5722186376,1094
Kindergarten,Math,JES,4687562267,1030
Kindergarten,Math,JES,2248572067,1082
Kindergarten,Math,JES,3576146872,1084
Kindergarten,Math,JES,3020472874,1052
Kindergarten,Math,JES,1417760223,1045
Kindergarten,Math,JES,6454748133,1043
Kindergarten,Math,JES,4112502831,1064
Kindergarten,Math,JES,6550332266,1057
Kindergarten,Math,JES,4267224822,1043
Kindergarten,Math,JES,4307454824,1117
Kindergarten,Math,JES,7701453728,1036
Kindergarten,Math,JES,3837401008,1090
Kindergarten,Math,JES,7768821126,1028
Kindergarten,Math,JES,7801760468,1057
Kindergarten,Math,JES,4714367563,1034
Kindergarten,Math,JES,3818215848,1027
Kindergarten,Math,JES,6106427138,1096
Kindergarten,Math,JES,6362505648,1036
Kindergarten,Math,JES,3658807285,1067
Kindergarten,Math,JES,6817143281,1043
Kindergarten,Math,JES,2428055446,1050
Kindergarten,Math,JES,5054501637,1075
Kindergarten,Math,JES,3581753302,1052
Kindergarten,Math,JES,5315547782,1013
Kindergarten,Math,JES,7810448115,1035
Kindergarten,Math,JES,1420168054,1054
Kindergarten,Math,JES,1248141528,1052
Kindergarten,Math,JES,2348126645,1040
Kindergarten,Math,JES,3214501683,1058
Kindergarten,Math,JES,600412666,1044
Kindergarten,Math,JES,4423133288,1048
Kindergarten,Math,JES,4567063745,1071
Kindergarten,Math,JES,3006700601,1038
Kindergarten,Math,JES,8607427746,1052
Kindergarten,Math,JES,2501674226,1055
Kindergarten,Math,JES,4313830313,1067
Kindergarten,Math,JES,2733271004,1067
Kindergarten,Math,JES,7640280386,1038
Kindergarten,Math,JES,8113050515,1046
Kindergarten,Math,JES,6156336074,1051
Kindergarten,Math,JES,6032473326,1079
Kindergarten,Math,JES,1546431132,1054
Kindergarten,Math,JES,2443632606,1064
Kindergarten,Math,JES,3371707323,1070
Kindergarten,Math,JES,1332466314,1049
Kindergarten,Math,JES,7708486374,1064
Kindergarten,Math,JES,4212630485,1050
Kindergarten,Math,JES,2565500653,1077
Kindergarten,Math,JES,1172162648,1064
Kindergarten,Math,JES,3837288354,1057
Kindergarten,Math,JES,7570217866,1048
Kindergarten,Math,JES,5338301847,1050
Kindergarten,Math,JES,3080210326,1029
Kindergarten,Math,JES,5868525531,1037
Kindergarten,Math,JES,6746382004,1046
Kindergarten,Math,JES,8827808202,1047
Kindergarten,Math,JES,2776701253,1060
Kindergarten,Math,JES,7166548556,1071
Kindergarten,Math,JES,3351784178,1061
Kindergarten,Math,JES,3541850355,1050
Kindergarten,Math,JES,4725534543,1117
Kindergarten,Math,JES,6754584052,1061
Kindergarten,Math,JES,1705803861,1046
Kindergarten,Math,JES,8461556082,1075
Kindergarten,Math,JES,1137861447,1058
Kindergarten,Math,JES,5120817411,1067
Kindergarten,Math,JES,8047604586,1015
Kindergarten,Math,JES,3058188254,1066
Kindergarten,Math,JES,4260746312,1041
Kindergarten,Math,JES,1312078814,1045
Kindergarten,Math,JES,2740447574,1059
Kindergarten,Math,JES,6528118317,1066
Kindergarten,Math,JES,4687600886,1060
Kindergarten,Math,JES,5727238362,1067
Kindergarten,Math,JES,4778801818,1044
Kindergarten,Math,JES,1125104618,1053
Kindergarten,Math,JES,6675685614,1051
Kindergarten,Math,JES,2203582821,1064
Kindergarten,Math,JES,4125483721,1047
Kindergarten,Math,JES,1133485035,1056
Kindergarten,Math,JES,3325300375,1057
Kindergarten,Math,JES,8620804011,1067
Kindergarten,Math,JES,2178068671,1064
Kindergarten,Math,JES,4230627077,1078
Kindergarten,Math,JES,5217135654,1044
Kindergarten,Math,JES,7352334406,1040
Kindergarten,Math,JES,1246450457,1050
Kindergarten,Math,JES,6300224487,1064
Kindergarten,Math,JES,3300880106,1072
Kindergarten,Math,JES,1246466324,1056
Kindergarten,Math,JES,5544018157,1052
Kindergarten,Math,JES,6482477553,1068
Kindergarten,Math,JES,3763625512,1050
Kindergarten,Math,JES,6113862121,1073
Kindergarten,Math,JES,1068773742,1057
Kindergarten,Math,JES,6607381685,1046
Kindergarten,Math,JES,4043372487,1022
Kindergarten,Math,JES,2136847558,1064
Kindergarten,Math,JES,6037654325,1062
Kindergarten,Math,JES,1768385656,1076
Kindergarten,Math,JES,7603823566,1085
Grade 1,ELA,JMTES,3284403584,1070
Grade 1,ELA,JMTES,6381311052,1090
Grade 1,ELA,JMTES,1635064503,1044
Grade 1,ELA,JMTES,7832767082,1069
Grade 1,ELA,JMTES,6483447485,1049
Grade 1,ELA,JMTES,4478085124,1046
Grade 1,ELA,JMTES,1453635244,1067
Grade 1,ELA,JMTES,3780233641,1063
Grade 1,ELA,JMTES,5225585744,1070
Grade 1,ELA,JMTES,3548347485,1015
Grade 1,ELA,JMTES,6740113028,1049
Grade 1,ELA,JMTES,8166138347,1055
Grade 1,ELA,JMTES,7857752461,1042
Grade 1,ELA,JMTES,1645701722,1059
Grade 1,ELA,JMTES,8267752785,1041
Grade 1,ELA,JMTES,1737606284,1055
Grade 1,ELA,JMTES,1221170571,1066
Grade 1,ELA,JMTES,5572882185,1063
Grade 1,ELA,JMTES,2375886678,1047
Grade 1,ELA,JMTES,5745760154,1056
Grade 1,ELA,JMTES,8281061851,1035
Grade 1,ELA,JMTES,3054482032,1060
Grade 1,ELA,JMTES,4068416784,1058
Grade 1,ELA,JMTES,3706514162,1054
Grade 1,ELA,JMTES,8121822762,1059
Grade 1,ELA,JMTES,6864346605,1069
Grade 1,ELA,JMTES,4411011387,1059
Grade 1,ELA,JMTES,6073567636,1054
Grade 1,ELA,JMTES,2800808651,1064
Grade 1,ELA,JMTES,6836728435,1068
Grade 1,ELA,JMTES,1443582271,1071
Grade 1,ELA,JMTES,3688247834,1050
Grade 1,ELA,JMTES,8056743233,1028
Grade 1,ELA,JMTES,8200215268,1053
Grade 1,ELA,JMTES,4616032453,1047
Grade 1,ELA,JMTES,7144270641,1061
Grade 1,ELA,JMTES,2300587055,1051
Grade 1,ELA,JMTES,7880355431,1043
Grade 1,ELA,JMTES,5423802586,1077
Grade 1,ELA,JMTES,7270041278,1064
Grade 1,ELA,JMTES,4660844386,1048
Grade 1,ELA,JMTES,5418634762,1074
Grade 1,ELA,JMTES,8078535844,1063
Grade 1,ELA,JMTES,1864278366,1052
Grade 1,ELA,JMTES,6077611486,1067
Grade 1,ELA,JMTES,8773273437,1046
Grade 1,ELA,JMTES,3200538073,1055
Grade 1,ELA,JMTES,4414566808,1064
Grade 1,ELA,JMTES,8006355226,1056
Grade 1,ELA,JMTES,5624117323,1057
Grade 1,ELA,JMTES,2586406567,1065
Grade 1,ELA,JMTES,3072385725,1054
Grade 1,ELA,JMTES,6167306126,1054
Grade 1,ELA,JMTES,6151244554,1064
Grade 1,ELA,JMTES,5514732636,1073
Grade 1,ELA,JMTES,5136557031,1050
Grade 1,ELA,JMTES,3241060711,1054
Grade 1,ELA,JMTES,4345341862,1047
Grade 1,ELA,JMTES,4844167431,1061
Grade 1,ELA,JMTES,5336475157,1059
Grade 1,ELA,JMTES,4054733613,1051
Grade 1,ELA,JMTES,8827762631,1065
Grade 1,Math,JMTES,3284403584,1079
Grade 1,Math,JMTES,6381311052,1086
Grade 1,Math,JMTES,1635064503,1009
Grade 1,Math,JMTES,7832767082,1058
Grade 1,Math,JMTES,6483447485,1042
Grade 1,Math,JMTES,4478085124,1040
Grade 1,Math,JMTES,1453635244,1064
Grade 1,Math,JMTES,3780233641,1053
Grade 1,Math,JMTES,5225585744,1067
Grade 1,Math,JMTES,3548347485,1052
Grade 1,Math,JMTES,6740113028,1044
Grade 1,Math,JMTES,8166138347,1045
Grade 1,Math,JMTES,7857752461,1034
Grade 1,Math,JMTES,1645701722,1055
Grade 1,Math,JMTES,8267752785,1037
Grade 1,Math,JMTES,1737606284,1037
Grade 1,Math,JMTES,1221170571,1058
Grade 1,Math,JMTES,5572882185,1058
Grade 1,Math,JMTES,2375886678,1053
Grade 1,Math,JMTES,5745760154,1063
Grade 1,Math,JMTES,8281061851,1027
Grade 1,Math,JMTES,3054482032,1049
Grade 1,Math,JMTES,4068416784,1056
Grade 1,Math,JMTES,3706514162,1029
Grade 1,Math,JMTES,8121822762,1044
Grade 1,Math,JMTES,6864346605,1052
Grade 1,Math,JMTES,4411011387,1047
Grade 1,Math,JMTES,6073567636,1044
Grade 1,Math,JMTES,2800808651,1055
Grade 1,Math,JMTES,6836728435,1078
Grade 1,Math,JMTES,1443582271,1059
Grade 1,Math,JMTES,3688247834,1039
Grade 1,Math,JMTES,8056743233,1046
Grade 1,Math,JMTES,8200215268,1038
Grade 1,Math,JMTES,4616032453,1051
Grade 1,Math,JMTES,7144270641,1047
Grade 1,Math,JMTES,2300587055,1038
Grade 1,Math,JMTES,7880355431,1054
Grade 1,Math,JMTES,5423802586,1072
Grade 1,Math,JMTES,7270041278,1044
Grade 1,Math,JMTES,4660844386,1049
Grade 1,Math,JMTES,5418634762,1106
Grade 1,Math,JMTES,8078535844,1054
Grade 1,Math,JMTES,1864278366,1018
Grade 1,Math,JMTES,6077611486,1067
Grade 1,Math,JMTES,8773273437,1042
Grade 1,Math,JMTES,3200538073,1048
Grade 1,Math,JMTES,4414566808,1068
Grade 1,Math,JMTES,8006355226,1050
Grade 1,Math,JMTES,5624117323,1050
Grade 1,Math,JMTES,2586406567,1068
Grade 1,Math,JMTES,3072385725,1044
Grade 1,Math,JMTES,6167306126,1034
Grade 1,Math,JMTES,6151244554,1063
Grade 1,Math,JMTES,5514732636,1070
Grade 1,Math,JMTES,5136557031,1039
Grade 1,Math,JMTES,3241060711,1056
Grade 1,Math,JMTES,4345341862,1041
Grade 1,Math,JMTES,4844167431,1050
Grade 1,Math,JMTES,5336475157,1060
Grade 1,Math,JMTES,4054733613,1048
Grade 1,Math,JMTES,8827762631,1064
Grade 1,ELA,JES,3832086262,1057
Grade 1,ELA,JES,1885711646,1057
Grade 1,ELA,JES,2084383112,1053
Grade 1,ELA,JES,5168205373,1066
Grade 1,ELA,JES,4430754117,1055
Grade 1,ELA,JES,3347304188,1052
Grade 1,ELA,JES,1837701541,1052
Grade 1,ELA,JES,2548372401,1064
Grade 1,ELA,JES,2614224042,1065
Grade 1,ELA,JES,6267185305,1074
Grade 1,ELA,JES,8733801021,1046
Grade 1,ELA,JES,5811684367,1040
Grade 1,ELA,JES,1138743208,1037
Grade 1,ELA,JES,6763428234,1035
Grade 1,ELA,JES,8827147137,1064
Grade 1,ELA,JES,8487746221,1053
Grade 1,ELA,JES,7805254132,1058
Grade 1,ELA,JES,3782804335,1076
Grade 1,ELA,JES,4403640637,1064
Grade 1,ELA,JES,4451107445,1069
Grade 1,ELA,JES,7138813134,1020
Grade 1,ELA,JES,4324607762,1068
Grade 1,ELA,JES,4042434403,1080
Grade 1,ELA,JES,7053072667,1000
Grade 1,ELA,JES,5705722677,1055
Grade 1,ELA,JES,6843072283,1075
Grade 1,ELA,JES,4661528867,1048
Grade 1,ELA,JES,4321278158,1065
Grade 1,ELA,JES,8762578878,1062
Grade 1,ELA,JES,1550140052,1043
Grade 1,ELA,JES,7072786067,1049
Grade 1,ELA,JES,7812276704,1066
Grade 1,ELA,JES,7246878076,1031
Grade 1,ELA,JES,6374860517,1063
Grade 1,ELA,JES,2115357267,1061
Grade 1,ELA,JES,8816362472,1069
Grade 1,ELA,JES,7813102108,1000
Grade 1,ELA,JES,1178080447,1000
Grade 1,ELA,JES,3682586015,1063
Grade 1,ELA,JES,3487410036,1008
Grade 1,ELA,JES,2505428505,1062
Grade 1,ELA,JES,7813353014,1054
Grade 1,ELA,JES,5001007484,1071
Grade 1,ELA,JES,7867804566,1000
Grade 1,ELA,JES,5672864854,1070
Grade 1,ELA,JES,1058545322,1062
Grade 1,ELA,JES,5472653232,1063
Grade 1,ELA,JES,2348342843,1019
Grade 1,ELA,JES,1421533608,1059
Grade 1,ELA,JES,4800487467,1082
Grade 1,ELA,JES,4406184071,1067
Grade 1,ELA,JES,6847813731,1044
Grade 1,ELA,JES,4037717701,1061
Grade 1,ELA,JES,5426173572,1069
Grade 1,ELA,JES,1452264515,1062
Grade 1,ELA,JES,5287724803,1067
Grade 1,ELA,JES,4248146441,1000
Grade 1,ELA,JES,2310065771,1060
Grade 1,ELA,JES,6117725226,1057
Grade 1,ELA,JES,6371826048,1056
Grade 1,ELA,JES,2243056768,1066
Grade 1,ELA,JES,6024487235,1074
Grade 1,ELA,JES,3232645027,1062
Grade 1,ELA,JES,7225677823,1076
Grade 1,ELA,JES,1311452265,1055
Grade 1,ELA,JES,7658616454,1075
Grade 1,ELA,JES,4165855158,1071
Grade 1,ELA,JES,5237202633,1063
Grade 1,ELA,JES,2456843161,1043
Grade 1,ELA,JES,4874473231,1055
Grade 1,ELA,JES,4834843231,1047
Grade 1,ELA,JES,6803402838,1043
Grade 1,ELA,JES,5200217747,1046
Grade 1,ELA,JES,4100648722,1046
Grade 1,ELA,JES,8003403484,1042
Grade 1,ELA,JES,3772284403,1075
Grade 1,ELA,JES,7357573177,1056
Grade 1,ELA,JES,5511778667,1041
Grade 1,ELA,JES,5156386844,1037
Grade 1,ELA,JES,7758162471,1065
Grade 1,ELA,JES,4462003454,1058
Grade 1,ELA,JES,7165152556,1070
Grade 1,ELA,JES,8735477674,1076
Grade 1,ELA,JES,4031553053,1069
Grade 1,ELA,JES,7748821028,1063
Grade 1,ELA,JES,5415505728,1070
Grade 1,ELA,JES,8654637513,1000
Grade 1,ELA,JES,7181245887,1049
Grade 1,ELA,JES,4332865116,1019
Grade 1,ELA,JES,6536730413,1073
Grade 1,ELA,JES,2367210545,1068
Grade 1,ELA,JES,1807288502,1046
Grade 1,ELA,JES,6184141763,1061
Grade 1,ELA,JES,2402712575,1067
Grade 1,ELA,JES,1147686186,1064
Grade 1,ELA,JES,4383767852,1050
Grade 1,ELA,JES,3473617783,1063
Grade 1,ELA,JES,1437831212,1072
Grade 1,ELA,JES,1088511668,1064
Grade 1,ELA,JES,8035371635,1015
Grade 1,ELA,JES,7001773551,1041
Grade 1,ELA,JES,7646531314,1000
Grade 1,ELA,JES,5513380783,1082
Grade 1,ELA,JES,1261550135,1045
Grade 1,ELA,JES,3802173573,1074
Grade 1,ELA,JES,6820057757,1048
Grade 1,ELA,JES,3770037085,1046
Grade 1,ELA,JES,7013216138,1018
Grade 1,ELA,JES,3263117413,1056
Grade 1,ELA,JES,6640275827,1057
Grade 1,ELA,JES,8587484718,1064
Grade 1,ELA,JES,7808586535,1072
Grade 1,ELA,JES,7306561457,1060
Grade 1,Math,JES,3832086262,1055
Grade 1,Math,JES,1885711646,1038
Grade 1,Math,JES,2084383112,1063
Grade 1,Math,JES,5168205373,1061
Grade 1,Math,JES,4430754117,1059
Grade 1,Math,JES,3347304188,1051
Grade 1,Math,JES,1837701541,1057
Grade 1,Math,JES,2548372401,1069
Grade 1,Math,JES,2614224042,1061
Grade 1,Math,JES,6267185305,1072
Grade 1,Math,JES,8733801021,1054
Grade 1,Math,JES,5811684367,1041
Grade 1,Math,JES,1138743208,1042
Grade 1,Math,JES,6763428234,1022
Grade 1,Math,JES,8827147137,1065
Grade 1,Math,JES,8487746221,1052
Grade 1,Math,JES,7805254132,1045
Grade 1,Math,JES,3782804335,1058
Grade 1,Math,JES,4403640637,1067
Grade 1,Math,JES,4451107445,1087
Grade 1,Math,JES,7138813134,1000
Grade 1,Math,JES,4324607762,1078
Grade 1,Math,JES,4042434403,1072
Grade 1,Math,JES,5705722677,1057
Grade 1,Math,JES,6843072283,1071
Grade 1,Math,JES,4661528867,1038
Grade 1,Math,JES,4321278158,1077
Grade 1,Math,JES,8762578878,1069
Grade 1,Math,JES,1550140052,1021
Grade 1,Math,JES,7072786067,1058
Grade 1,Math,JES,7812276704,1051
Grade 1,Math,JES,7246878076,1068
Grade 1,Math,JES,6374860517,1065
Grade 1,Math,JES,2115357267,1050
Grade 1,Math,JES,8816362472,1054
Grade 1,Math,JES,7813102108,1028
Grade 1,Math,JES,1178080447,1019
Grade 1,Math,JES,3682586015,1070
Grade 1,Math,JES,3487410036,1009
Grade 1,Math,JES,2505428505,1070
Grade 1,Math,JES,7813353014,1034
Grade 1,Math,JES,5001007484,1059
Grade 1,Math,JES,7867804566,1034
Grade 1,Math,JES,5672864854,1072
Grade 1,Math,JES,1058545322,1060
Grade 1,Math,JES,5472653232,1070
Grade 1,Math,JES,2348342843,1034
Grade 1,Math,JES,1421533608,1053
Grade 1,Math,JES,4800487467,1075
Grade 1,Math,JES,4406184071,1064
Grade 1,Math,JES,6847813731,1039
Grade 1,Math,JES,4037717701,1052
Grade 1,Math,JES,5426173572,1057
Grade 1,Math,JES,1452264515,1021
Grade 1,Math,JES,5287724803,1059
Grade 1,Math,JES,4248146441,1007
Grade 1,Math,JES,2310065771,1056
Grade 1,Math,JES,6117725226,1044
Grade 1,Math,JES,6371826048,1044
Grade 1,Math,JES,2243056768,1073
Grade 1,Math,JES,6024487235,1076
Grade 1,Math,JES,3232645027,1060
Grade 1,Math,JES,7225677823,1069
Grade 1,Math,JES,1311452265,1038
Grade 1,Math,JES,7658616454,1072
Grade 1,Math,JES,4165855158,1051
Grade 1,Math,JES,5237202633,1058
Grade 1,Math,JES,2456843161,1054
Grade 1,Math,JES,4874473231,1060
Grade 1,Math,JES,4834843231,1053
Grade 1,Math,JES,6803402838,1048
Grade 1,Math,JES,5200217747,1000
Grade 1,Math,JES,4100648722,1052
Grade 1,Math,JES,8003403484,1047
Grade 1,Math,JES,3772284403,1069
Grade 1,Math,JES,7357573177,1052
Grade 1,Math,JES,5511778667,1033
Grade 1,Math,JES,5156386844,1046
Grade 1,Math,JES,7758162471,1071
Grade 1,Math,JES,4462003454,1054
Grade 1,Math,JES,7165152556,1060
Grade 1,Math,JES,8735477674,1066
Grade 1,Math,JES,4031553053,1068
Grade 1,Math,JES,7748821028,1083
Grade 1,Math,JES,5415505728,1077
Grade 1,Math,JES,8654637513,1004
Grade 1,Math,JES,7181245887,1036
Grade 1,Math,JES,4332865116,1017
Grade 1,Math,JES,6536730413,1104
Grade 1,Math,JES,2367210545,1071
Grade 1,Math,JES,1807288502,1047
Grade 1,Math,JES,6184141763,1064
Grade 1,Math,JES,2402712575,1049
Grade 1,Math,JES,1147686186,1058
Grade 1,Math,JES,4383767852,1055
Grade 1,Math,JES,3473617783,1060
Grade 1,Math,JES,1437831212,1084
Grade 1,Math,JES,1088511668,1053
Grade 1,Math,JES,8035371635,1021
Grade 1,Math,JES,7001773551,1061
Grade 1,Math,JES,7646531314,1038
Grade 1,Math,JES,5513380783,1059
Grade 1,Math,JES,1261550135,1032
Grade 1,Math,JES,3802173573,1068
Grade 1,Math,JES,6820057757,1072
Grade 1,Math,JES,3770037085,1050
Grade 1,Math,JES,7013216138,1023
Grade 1,Math,JES,3263117413,1055
Grade 1,Math,JES,6640275827,1060
Grade 1,Math,JES,8587484718,1071
Grade 1,Math,JES,7808586535,1067
Grade 1,Math,JES,7306561457,1060
Grade 2,ELA,JMTES,2060264648,1057
Grade 2,ELA,JMTES,8653416636,1043
Grade 2,ELA,JMTES,2201375476,1053
Grade 2,ELA,JMTES,2676583852,1054
Grade 2,ELA,JMTES,4413825038,1071
Grade 2,ELA,JMTES,8637245764,1000
Grade 2,ELA,JMTES,6802548577,1041
Grade 2,ELA,JMTES,7635045481,1066
Grade 2,ELA,JMTES,4438345253,1043
Grade 2,ELA,JMTES,1546727163,1043
Grade 2,ELA,JMTES,2352016452,1044
Grade 2,ELA,JMTES,7631483172,1033
Grade 2,ELA,JMTES,7480101443,1064
Grade 2,ELA,JMTES,4873854638,1059
Grade 2,ELA,JMTES,1521127663,1066
Grade 2,ELA,JMTES,8876330768,1061
Grade 2,ELA,JMTES,1285100855,1050
Grade 2,ELA,JMTES,1361181426,1000
Grade 2,ELA,JMTES,2130868377,1056
Grade 2,ELA,JMTES,3440411654,1062
Grade 2,ELA,JMTES,5164475421,1037
Grade 2,ELA,JMTES,6288620228,1060
Grade 2,ELA,JMTES,6411355487,1051
Grade 2,ELA,JMTES,3228241678,1071
Grade 2,ELA,JMTES,7466178086,1065
Grade 2,ELA,JMTES,5373762155,1000
Grade 2,ELA,JMTES,6226783677,1057
Grade 2,ELA,JMTES,1564423641,1055
Grade 2,ELA,JMTES,6142635053,1073
Grade 2,ELA,JMTES,6454785237,1053
Grade 2,ELA,JMTES,2324305147,1065
Grade 2,ELA,JMTES,4637758507,1067
Grade 2,ELA,JMTES,2510508862,1066
Grade 2,ELA,JMTES,3272010221,1044
Grade 2,ELA,JMTES,4011726164,1054
Grade 2,ELA,JMTES,3076142573,1057
Grade 2,ELA,JMTES,5331727847,1051
Grade 2,ELA,JMTES,3870864835,1064
Grade 2,ELA,JMTES,3516142855,1050
Grade 2,ELA,JMTES,8782075316,1066
Grade 2,ELA,JMTES,8628474757,1049
Grade 2,ELA,JMTES,8602282575,1055
Grade 2,ELA,JMTES,7722142254,1082
Grade 2,ELA,JMTES,7532173884,1057
Grade 2,ELA,JMTES,5537317855,1062
Grade 2,ELA,JMTES,2640086234,1071
Grade 2,ELA,JMTES,4746135135,1054
Grade 2,ELA,JMTES,5724088766,1045
Grade 2,ELA,JMTES,7353378724,1048
Grade 2,ELA,JMTES,8125864388,1079
Grade 2,ELA,JMTES,3722378753,1051
Grade 2,ELA,JMTES,3012681061,1051
Grade 2,ELA,JMTES,5743316164,1062
Grade 2,ELA,JMTES,5706575787,1065
Grade 2,ELA,JMTES,8820647401,1062
Grade 2,ELA,JMTES,4478051735,1055
Grade 2,ELA,JMTES,2371472172,1099
Grade 2,ELA,JMTES,6526160525,1057
Grade 2,ELA,JMTES,3164676654,1040
Grade 2,ELA,JMTES,6567815081,1046
Grade 2,ELA,JMTES,7547246538,1032
Grade 2,ELA,JMTES,6460331602,1040
Grade 2,ELA,JMTES,2403205656,1041
Grade 2,ELA,JMTES,3655874303,1058
Grade 2,ELA,JMTES,4518616672,1072
Grade 2,ELA,JMTES,5713433164,1020
Grade 2,ELA,JMTES,2235070845,1041
Grade 2,Math,JMTES,2060264648,1053
Grade 2,Math,JMTES,8653416636,1056
Grade 2,Math,JMTES,2201375476,1050
Grade 2,Math,JMTES,2676583852,1048
Grade 2,Math,JMTES,4413825038,1053
Grade 2,Math,JMTES,8637245764,1032
Grade 2,Math,JMTES,6802548577,1031
Grade 2,Math,JMTES,7635045481,1062
Grade 2,Math,JMTES,4438345253,1033
Grade 2,Math,JMTES,1546727163,1052
Grade 2,Math,JMTES,2352016452,1057
Grade 2,Math,JMTES,7631483172,1054
Grade 2,Math,JMTES,7480101443,1079
Grade 2,Math,JMTES,4873854638,1056
Grade 2,Math,JMTES,1521127663,1046
Grade 2,Math,JMTES,8876330768,1043
Grade 2,Math,JMTES,1285100855,1060
Grade 2,Math,JMTES,1361181426,1043
Grade 2,Math,JMTES,2130868377,1044
Grade 2,Math,JMTES,3440411654,1054
Grade 2,Math,JMTES,5164475421,1035
Grade 2,Math,JMTES,6288620228,1060
Grade 2,Math,JMTES,6411355487,1056
Grade 2,Math,JMTES,3228241678,1070
Grade 2,Math,JMTES,7466178086,1061
Grade 2,Math,JMTES,5373762155,1030
Grade 2,Math,JMTES,6226783677,1057
Grade 2,Math,JMTES,1564423641,1055
Grade 2,Math,JMTES,6142635053,1062
Grade 2,Math,JMTES,6454785237,1027
Grade 2,Math,JMTES,2324305147,1048
Grade 2,Math,JMTES,4637758507,1058
Grade 2,Math,JMTES,2510508862,1059
Grade 2,Math,JMTES,3272010221,1031
Grade 2,Math,JMTES,4011726164,1044
Grade 2,Math,JMTES,3076142573,1055
Grade 2,Math,JMTES,5331727847,1036
Grade 2,Math,JMTES,3870864835,1061
Grade 2,Math,JMTES,3516142855,1050
Grade 2,Math,JMTES,8782075316,1058
Grade 2,Math,JMTES,8628474757,1062
Grade 2,Math,JMTES,8602282575,1051
Grade 2,Math,JMTES,7722142254,1075
Grade 2,Math,JMTES,7532173884,1061
Grade 2,Math,JMTES,5537317855,1052
Grade 2,Math,JMTES,2640086234,1052
Grade 2,Math,JMTES,4746135135,1049
Grade 2,Math,JMTES,5724088766,1049
Grade 2,Math,JMTES,7353378724,1043
Grade 2,Math,JMTES,8125864388,1057
Grade 2,Math,JMTES,3722378753,1033
Grade 2,Math,JMTES,3012681061,1049
Grade 2,Math,JMTES,5743316164,1057
Grade 2,Math,JMTES,5706575787,1064
Grade 2,Math,JMTES,8820647401,1079
Grade 2,Math,JMTES,4478051735,1037
Grade 2,Math,JMTES,2371472172,1064
Grade 2,Math,JMTES,6526160525,1050
Grade 2,Math,JMTES,3164676654,1048
Grade 2,Math,JMTES,6567815081,1055
Grade 2,Math,JMTES,7547246538,1034
Grade 2,Math,JMTES,6460331602,1037
Grade 2,Math,JMTES,2403205656,1039
Grade 2,Math,JMTES,3655874303,1058
Grade 2,Math,JMTES,4518616672,1087
Grade 2,Math,JMTES,5713433164,1020
Grade 2,Math,JMTES,2235070845,1029
Grade 2,ELA,JES,6576142578,1072
Grade 2,ELA,JES,5306745665,1059
Grade 2,ELA,JES,8314608538,1055
Grade 2,ELA,JES,2427384773,1055
Grade 2,ELA,JES,1817510784,1038
Grade 2,ELA,JES,3686704117,1069
Grade 2,ELA,JES,7668614808,1057
Grade 2,ELA,JES,1362130051,1061
Grade 2,ELA,JES,8016200327,1035
Grade 2,ELA,JES,5330356736,1069
Grade 2,ELA,JES,1011741786,1067
Grade 2,ELA,JES,3713588745,1077
Grade 2,ELA,JES,8778233266,1058
Grade 2,ELA,JES,3125325503,1074
Grade 2,ELA,JES,1082046282,1000
Grade 2,ELA,JES,3620688657,1041
Grade 2,ELA,JES,8157645602,1058
Grade 2,ELA,JES,8265711327,1067
Grade 2,ELA,JES,6587737115,1061
Grade 2,ELA,JES,1726088342,1069
Grade 2,ELA,JES,8122474868,1000
Grade 2,ELA,JES,7454527224,1048
Grade 2,ELA,JES,3856288652,1000
Grade 2,ELA,JES,5322032667,1064
Grade 2,ELA,JES,4278088584,1075
Grade 2,ELA,JES,5122165481,1039
Grade 2,ELA,JES,5743550686,1048
Grade 2,ELA,JES,5823650371,1061
Grade 2,ELA,JES,6851165748,1044
Grade 2,ELA,JES,1434263424,1021
Grade 2,ELA,JES,1321382286,1050
Grade 2,ELA,JES,6407548653,1000
Grade 2,ELA,JES,5175513184,1059
Grade 2,ELA,JES,5133850112,1046
Grade 2,ELA,JES,7344508116,1059
Grade 2,ELA,JES,5456725183,1023
Grade 2,ELA,JES,3602504657,1048
Grade 2,ELA,JES,3756116348,1069
Grade 2,ELA,JES,2314234265,1066
Grade 2,ELA,JES,8215341801,1060
Grade 2,ELA,JES,8653130463,1049
Grade 2,ELA,JES,6124746657,1079
Grade 2,ELA,JES,5755485406,1051
Grade 2,ELA,JES,8261765434,1058
Grade 2,ELA,JES,6105622454,1066
Grade 2,ELA,JES,3627068768,1048
Grade 2,ELA,JES,2416461487,1061
Grade 2,ELA,JES,1615460038,1034
Grade 2,ELA,JES,3650735046,1071
Grade 2,ELA,JES,1761172866,1063
Grade 2,ELA,JES,1216484528,1059
Grade 2,ELA,JES,2210488508,1062
Grade 2,ELA,JES,2401165805,1058
Grade 2,ELA,JES,8623026305,1043
Grade 2,ELA,JES,7302484178,1038
Grade 2,ELA,JES,6214543855,1066
Grade 2,ELA,JES,4216317061,1046
Grade 2,ELA,JES,6167823578,1071
Grade 2,ELA,JES,5156784385,1038
Grade 2,ELA,JES,6738813823,1017
Grade 2,ELA,JES,1756803283,1000
Grade 2,ELA,JES,7806470202,1056
Grade 2,ELA,JES,2716401044,1084
Grade 2,ELA,JES,600412759,1038
Grade 2,ELA,JES,1600355215,1052
Grade 2,ELA,JES,1621841055,1046
Grade 2,ELA,JES,4142660754,1065
Grade 2,ELA,JES,4008063277,1045
Grade 2,ELA,JES,6310512404,1057
Grade 2,ELA,JES,3635255054,1000
Grade 2,ELA,JES,6275446138,1053
Grade 2,ELA,JES,2065858751,1000
Grade 2,ELA,JES,6614470746,1064
Grade 2,ELA,JES,4530857785,1034
Grade 2,ELA,JES,1537752416,1020
Grade 2,ELA,JES,2267005623,1049
Grade 2,ELA,JES,5513368277,1059
Grade 2,ELA,JES,5454115388,1093
Grade 2,ELA,JES,1136485405,1055
Grade 2,ELA,JES,2368331672,1075
Grade 2,ELA,JES,6330762307,1038
Grade 2,ELA,JES,6358568228,1000
Grade 2,ELA,JES,7227188545,1045
Grade 2,ELA,JES,8164076545,1055
Grade 2,ELA,JES,1402153404,1060
Grade 2,ELA,JES,4857828521,1056
Grade 2,ELA,JES,2870386078,1056
Grade 2,ELA,JES,6501371181,1066
Grade 2,ELA,JES,4276520845,1071
Grade 2,ELA,JES,5462822387,1069
Grade 2,Math,JES,6576142578,1075
Grade 2,Math,JES,5306745665,1068
Grade 2,Math,JES,8314608538,1054
Grade 2,Math,JES,2427384773,1057
Grade 2,Math,JES,1817510784,1046
Grade 2,Math,JES,3686704117,1044
Grade 2,Math,JES,7668614808,1057
Grade 2,Math,JES,1362130051,1057
Grade 2,Math,JES,8016200327,1041
Grade 2,Math,JES,5330356736,1067
Grade 2,Math,JES,1011741786,1055
Grade 2,Math,JES,3713588745,1045
Grade 2,Math,JES,8778233266,1053
Grade 2,Math,JES,3125325503,1072
Grade 2,Math,JES,1082046282,1004
Grade 2,Math,JES,3620688657,1034
Grade 2,Math,JES,8157645602,1058
Grade 2,Math,JES,8265711327,1058
Grade 2,Math,JES,6587737115,1074
Grade 2,Math,JES,1726088342,1048
Grade 2,Math,JES,8122474868,1048
Grade 2,Math,JES,7454527224,1066
Grade 2,Math,JES,3856288652,1001
Grade 2,Math,JES,5322032667,1068
Grade 2,Math,JES,4278088584,1067
Grade 2,Math,JES,5122165481,1044
Grade 2,Math,JES,5743550686,1057
Grade 2,Math,JES,5823650371,1050
Grade 2,Math,JES,6851165748,1061
Grade 2,Math,JES,1434263424,1026
Grade 2,Math,JES,1321382286,1046
Grade 2,Math,JES,6407548653,1023
Grade 2,Math,JES,5175513184,1049
Grade 2,Math,JES,5133850112,1042
Grade 2,Math,JES,7344508116,1049
Grade 2,Math,JES,5456725183,1022
Grade 2,Math,JES,3602504657,1048
Grade 2,Math,JES,3756116348,1065
Grade 2,Math,JES,2314234265,1038
Grade 2,Math,JES,8215341801,1048
Grade 2,Math,JES,8653130463,1051
Grade 2,Math,JES,6124746657,1072
Grade 2,Math,JES,5755485406,1049
Grade 2,Math,JES,8261765434,1059
Grade 2,Math,JES,6105622454,1048
Grade 2,Math,JES,3627068768,1058
Grade 2,Math,JES,2416461487,1045
Grade 2,Math,JES,1615460038,1049
Grade 2,Math,JES,3650735046,1052
Grade 2,Math,JES,1761172866,1063
Grade 2,Math,JES,1216484528,1042
Grade 2,Math,JES,2210488508,1060
Grade 2,Math,JES,2401165805,1033
Grade 2,Math,JES,8623026305,1036
Grade 2,Math,JES,7302484178,1038
Grade 2,Math,JES,6214543855,1047
Grade 2,Math,JES,4216317061,1045
Grade 2,Math,JES,6167823578,1071
Grade 2,Math,JES,5156784385,1046
Grade 2,Math,JES,6738813823,1000
Grade 2,Math,JES,1756803283,1012
Grade 2,Math,JES,7806470202,1062
Grade 2,Math,JES,2716401044,1078
Grade 2,Math,JES,600412759,1047
Grade 2,Math,JES,1600355215,1050
Grade 2,Math,JES,1621841055,1023
Grade 2,Math,JES,4142660754,1064
Grade 2,Math,JES,4008063277,1051
Grade 2,Math,JES,6310512404,1059
Grade 2,Math,JES,3635255054,1030
Grade 2,Math,JES,6275446138,1054
Grade 2,Math,JES,2065858751,1018
Grade 2,Math,JES,6614470746,1063
Grade 2,Math,JES,4530857785,1053
Grade 2,Math,JES,1537752416,1023
Grade 2,Math,JES,2267005623,1051
Grade 2,Math,JES,5513368277,1040
Grade 2,Math,JES,5454115388,1075
Grade 2,Math,JES,1136485405,1059
Grade 2,Math,JES,2368331672,1070
Grade 2,Math,JES,6330762307,1040
Grade 2,Math,JES,6358568228,1029
Grade 2,Math,JES,7227188545,1058
Grade 2,Math,JES,8164076545,1039
Grade 2,Math,JES,1402153404,1070
Grade 2,Math,JES,4857828521,1038
Grade 2,Math,JES,2870386078,1049
Grade 2,Math,JES,6501371181,1065
Grade 2,Math,JES,4276520845,1067
Grade 2,Math,JES,5462822387,1057
Grade 3,ELA,JMTES,6600165772,1066
Grade 3,ELA,JMTES,3205176723,1051
Grade 3,ELA,JMTES,2355174088,1040
Grade 3,ELA,JMTES,5674543883,1070
Grade 3,ELA,JMTES,3802435133,1042
Grade 3,ELA,JMTES,5463031262,1045
Grade 3,ELA,JMTES,2061885051,1036
Grade 3,ELA,JMTES,4063048811,1059
Grade 3,ELA,JMTES,5782448224,1085
Grade 3,ELA,JMTES,7447231518,1050
Grade 3,ELA,JMTES,5362531826,1047
Grade 3,ELA,JMTES,2388064161,1049
Grade 3,ELA,JMTES,3776714655,1049
Grade 3,ELA,JMTES,8807174718,1039
Grade 3,ELA,JMTES,6321412133,1034
Grade 3,ELA,JMTES,3115423452,1029
Grade 3,ELA,JMTES,7527171457,1051
Grade 3,ELA,JMTES,8801674071,1062
Grade 3,ELA,JMTES,4430656546,1067
Grade 3,ELA,JMTES,3638166235,1048
Grade 3,ELA,JMTES,5261838856,1064
Grade 3,ELA,JMTES,7325087844,1059
Grade 3,ELA,JMTES,5040056053,1057
Grade 3,ELA,JMTES,1005508024,1031
Grade 3,ELA,JMTES,8878221168,1037
Grade 3,ELA,JMTES,6460820376,1049
Grade 3,ELA,JMTES,8155034635,1054
Grade 3,ELA,JMTES,5871273515,1050
Grade 3,ELA,JMTES,2166744047,1079
Grade 3,ELA,JMTES,8718711081,1035
Grade 3,ELA,JMTES,8510563131,1039
Grade 3,ELA,JMTES,5753066347,1018
Grade 3,ELA,JMTES,1317676521,1036
Grade 3,ELA,JMTES,6426611766,1063
Grade 3,ELA,JMTES,1274473643,1071
Grade 3,ELA,JMTES,7261625061,1059
Grade 3,ELA,JMTES,3518082722,1052
Grade 3,ELA,JMTES,6227730286,1078
Grade 3,ELA,JMTES,8340434623,1054
Grade 3,ELA,JMTES,5086368406,1063
Grade 3,ELA,JMTES,2658123361,1022
Grade 3,ELA,JMTES,4242453154,1058
Grade 3,ELA,JMTES,1425363683,1050
Grade 3,ELA,JMTES,4640122338,1015
Grade 3,ELA,JMTES,2208176853,1041
Grade 3,ELA,JMTES,6465543781,1051
Grade 3,ELA,JMTES,8434250757,1021
Grade 3,ELA,JMTES,2513641352,1019
Grade 3,ELA,JMTES,3446625665,1067
Grade 3,ELA,JMTES,2675254256,1044
Grade 3,ELA,JMTES,8456457273,1052
Grade 3,ELA,JMTES,6882461034,1059
Grade 3,ELA,JMTES,7658362302,1043
Grade 3,ELA,JMTES,4838473022,1041
Grade 3,ELA,JMTES,7164535011,1046
Grade 3,ELA,JMTES,8421260544,1059
Grade 3,ELA,JMTES,3866271105,1050
Grade 3,ELA,JMTES,7236422373,1038
Grade 3,ELA,JMTES,2663825622,1050
Grade 3,ELA,JMTES,2822667608,1030
Grade 3,ELA,JMTES,7485051507,1045
Grade 3,ELA,JMTES,2501015114,1062
Grade 3,ELA,JMTES,5344063388,1064
Grade 3,ELA,JMTES,5378782154,1016
Grade 3,ELA,JMTES,5572072533,1050
Grade 3,ELA,JMTES,1867102841,1034
Grade 3,ELA,JMTES,7188336652,1079
Grade 3,ELA,JMTES,4362552306,1031
Grade 3,ELA,JMTES,4422417576,1079
Grade 3,ELA,JMTES,2538150711,1063
Grade 3,ELA,JMTES,5431857508,1061
Grade 3,ELA,JMTES,1220227128,1058
Grade 3,ELA,JMTES,8846558483,1048
Grade 3,ELA,JMTES,5300537021,1051
Grade 3,ELA,JMTES,5583404177,1054
Grade 3,ELA,JMTES,6610438707,1069
Grade 3,ELA,JMTES,1651028004,1055
Grade 3,ELA,JMTES,4833155762,1077
Grade 3,ELA,JMTES,8608658644,1055
Grade 3,ELA,JMTES,7177116282,1075
Grade 3,ELA,JMTES,6717886401,1035
Grade 3,ELA,JMTES,4784057104,1057
Grade 3,ELA,JMTES,7054621806,1044
Grade 3,ELA,JMTES,3631842244,1059
Grade 3,ELA,JMTES,3840068732,1058
Grade 3,Math,JMTES,6600165772,1056
Grade 3,Math,JMTES,3205176723,1049
Grade 3,Math,JMTES,2355174088,1036
Grade 3,Math,JMTES,5674543883,1060
Grade 3,Math,JMTES,3802435133,1043
Grade 3,Math,JMTES,5463031262,1035
Grade 3,Math,JMTES,2061885051,1040
Grade 3,Math,JMTES,4063048811,1055
Grade 3,Math,JMTES,5782448224,1072
Grade 3,Math,JMTES,7447231518,1050
Grade 3,Math,JMTES,5362531826,1050
Grade 3,Math,JMTES,2388064161,1061
Grade 3,Math,JMTES,3776714655,1049
Grade 3,Math,JMTES,8807174718,1042
Grade 3,Math,JMTES,6321412133,1024
Grade 3,Math,JMTES,3115423452,1020
Grade 3,Math,JMTES,7527171457,1049
Grade 3,Math,JMTES,8801674071,1056
Grade 3,Math,JMTES,4430656546,1074
Grade 3,Math,JMTES,3638166235,1048
Grade 3,Math,JMTES,5261838856,1044
Grade 3,Math,JMTES,7325087844,1065
Grade 3,Math,JMTES,5040056053,1042
Grade 3,Math,JMTES,1005508024,1000
Grade 3,Math,JMTES,8878221168,1057
Grade 3,Math,JMTES,6460820376,1031
Grade 3,Math,JMTES,8155034635,1046
Grade 3,Math,JMTES,5871273515,1052
Grade 3,Math,JMTES,2166744047,1060
Grade 3,Math,JMTES,8718711081,1019
Grade 3,Math,JMTES,8510563131,1039
Grade 3,Math,JMTES,5753066347,1034
Grade 3,Math,JMTES,1317676521,1042
Grade 3,Math,JMTES,6426611766,1066
Grade 3,Math,JMTES,1274473643,1069
Grade 3,Math,JMTES,7261625061,1042
Grade 3,Math,JMTES,3518082722,1052
Grade 3,Math,JMTES,6227730286,1074
Grade 3,Math,JMTES,8340434623,1053
Grade 3,Math,JMTES,5086368406,1062
Grade 3,Math,JMTES,2658123361,1026
Grade 3,Math,JMTES,4242453154,1059
Grade 3,Math,JMTES,1425363683,1053
Grade 3,Math,JMTES,4640122338,1040
Grade 3,Math,JMTES,2208176853,1037
Grade 3,Math,JMTES,6465543781,1045
Grade 3,Math,JMTES,8434250757,1036
Grade 3,Math,JMTES,2513641352,1020
Grade 3,Math,JMTES,3446625665,1064
Grade 3,Math,JMTES,2675254256,1049
Grade 3,Math,JMTES,8456457273,1051
Grade 3,Math,JMTES,6882461034,1056
Grade 3,Math,JMTES,7658362302,1037
Grade 3,Math,JMTES,4838473022,1036
Grade 3,Math,JMTES,7164535011,1044
Grade 3,Math,JMTES,8421260544,1041
Grade 3,Math,JMTES,3866271105,1065
Grade 3,Math,JMTES,7236422373,1038
Grade 3,Math,JMTES,2663825622,1038
Grade 3,Math,JMTES,2822667608,1021
Grade 3,Math,JMTES,7485051507,1064
Grade 3,Math,JMTES,2501015114,1055
Grade 3,Math,JMTES,5344063388,1068
Grade 3,Math,JMTES,5378782154,1044
Grade 3,Math,JMTES,5572072533,1046
Grade 3,Math,JMTES,1867102841,1010
Grade 3,Math,JMTES,7188336652,1072
Grade 3,Math,JMTES,4362552306,1010
Grade 3,Math,JMTES,4422417576,1067
Grade 3,Math,JMTES,2538150711,1058
Grade 3,Math,JMTES,5431857508,1042
Grade 3,Math,JMTES,1220227128,1078
Grade 3,Math,JMTES,8846558483,1047
Grade 3,Math,JMTES,5300537021,1052
Grade 3,Math,JMTES,5583404177,1060
Grade 3,Math,JMTES,6610438707,1066
Grade 3,Math,JMTES,1651028004,1049
Grade 3,Math,JMTES,4833155762,1077
Grade 3,Math,JMTES,8608658644,1041
Grade 3,Math,JMTES,7177116282,1075
Grade 3,Math,JMTES,6717886401,1028
Grade 3,Math,JMTES,4784057104,1041
Grade 3,Math,JMTES,7054621806,1052
Grade 3,Math,JMTES,3631842244,1050
Grade 3,Math,JMTES,3840068732,1051
Grade 3,Science,JMTES,6600165772,1061
Grade 3,Science,JMTES,3205176723,1043
Grade 3,Science,JMTES,2355174088,1037
Grade 3,Science,JMTES,5674543883,1073
Grade 3,Science,JMTES,3802435133,1052
Grade 3,Science,JMTES,5463031262,1041
Grade 3,Science,JMTES,2061885051,1040
Grade 3,Science,JMTES,4063048811,1054
Grade 3,Science,JMTES,5782448224,1068
Grade 3,Science,JMTES,7447231518,1058
Grade 3,Science,JMTES,5362531826,1055
Grade 3,Science,JMTES,2388064161,1042
Grade 3,Science,JMTES,3776714655,1054
Grade 3,Science,JMTES,8807174718,1060
Grade 3,Science,JMTES,6321412133,1048
Grade 3,Science,JMTES,3115423452,1048
Grade 3,Science,JMTES,7527171457,1045
Grade 3,Science,JMTES,8801674071,1066
Grade 3,Science,JMTES,4430656546,1063
Grade 3,Science,JMTES,3638166235,1049
Grade 3,Science,JMTES,5261838856,1047
Grade 3,Science,JMTES,7325087844,1062
Grade 3,Science,JMTES,5040056053,1051
Grade 3,Science,JMTES,1005508024,1032
Grade 3,Science,JMTES,8878221168,1063
Grade 3,Science,JMTES,6460820376,1049
Grade 3,Science,JMTES,8155034635,1052
Grade 3,Science,JMTES,5871273515,1046
Grade 3,Science,JMTES,2166744047,1063
Grade 3,Science,JMTES,8718711081,1042
Grade 3,Science,JMTES,8510563131,1039
Grade 3,Science,JMTES,5753066347,1048
Grade 3,Science,JMTES,1317676521,1030
Grade 3,Science,JMTES,6426611766,1068
Grade 3,Science,JMTES,1274473643,1058
Grade 3,Science,JMTES,7261625061,1035
Grade 3,Science,JMTES,3518082722,1046
Grade 3,Science,JMTES,6227730286,1086
Grade 3,Science,JMTES,8340434623,1055
Grade 3,Science,JMTES,5086368406,1047
Grade 3,Science,JMTES,2658123361,1035
Grade 3,Science,JMTES,4242453154,1061
Grade 3,Science,JMTES,1425363683,1041
Grade 3,Science,JMTES,4640122338,1044
Grade 3,Science,JMTES,2208176853,1047
Grade 3,Science,JMTES,6465543781,1043
Grade 3,Science,JMTES,8434250757,1030
Grade 3,Science,JMTES,2513641352,1039
Grade 3,Science,JMTES,3446625665,1089
Grade 3,Science,JMTES,2675254256,1045
Grade 3,Science,JMTES,8456457273,1052
Grade 3,Science,JMTES,6882461034,1062
Grade 3,Science,JMTES,7658362302,1052
Grade 3,Science,JMTES,4838473022,1028
Grade 3,Science,JMTES,7164535011,1033
Grade 3,Science,JMTES,8421260544,1051
Grade 3,Science,JMTES,3866271105,1050
Grade 3,Science,JMTES,7236422373,1045
Grade 3,Science,JMTES,2663825622,1059
Grade 3,Science,JMTES,2822667608,1039
Grade 3,Science,JMTES,7485051507,1063
Grade 3,Science,JMTES,2501015114,1051
Grade 3,Science,JMTES,5344063388,1051
Grade 3,Science,JMTES,5378782154,1043
Grade 3,Science,JMTES,5572072533,1038
Grade 3,Science,JMTES,1867102841,1033
Grade 3,Science,JMTES,7188336652,1087
Grade 3,Science,JMTES,4362552306,1043
Grade 3,Science,JMTES,4422417576,1076
Grade 3,Science,JMTES,2538150711,1094
Grade 3,Science,JMTES,5431857508,1071
Grade 3,Science,JMTES,1220227128,1081
Grade 3,Science,JMTES,8846558483,1054
Grade 3,Science,JMTES,5300537021,1052
Grade 3,Science,JMTES,5583404177,1063
Grade 3,Science,JMTES,6610438707,1062
Grade 3,Science,JMTES,1651028004,1061
Grade 3,Science,JMTES,4833155762,1090
Grade 3,Science,JMTES,8608658644,1038
Grade 3,Science,JMTES,7177116282,1096
Grade 3,Science,JMTES,6717886401,1026
Grade 3,Science,JMTES,4784057104,1036
Grade 3,Science,JMTES,7054621806,1050
Grade 3,Science,JMTES,3631842244,1054
Grade 3,Science,JMTES,3840068732,1056
Grade 3,ELA,JES,3168244726,1032
Grade 3,ELA,JES,7705001668,1036
Grade 3,ELA,JES,8484765607,1065
Grade 3,ELA,JES,5223626628,1022
Grade 3,ELA,JES,5028547643,1033
Grade 3,ELA,JES,3861786836,1025
Grade 3,ELA,JES,2640203506,1048
Grade 3,ELA,JES,8500708032,1062
Grade 3,ELA,JES,8083668056,1062
Grade 3,ELA,JES,6514478468,1038
Grade 3,ELA,JES,1013887236,1042
Grade 3,ELA,JES,4458868127,1059
Grade 3,ELA,JES,1638488407,1043
Grade 3,ELA,JES,2585007716,1050
Grade 3,ELA,JES,2578351713,1036
Grade 3,ELA,JES,5244604684,1054
Grade 3,ELA,JES,3187866752,1053
Grade 3,ELA,JES,2861163328,1055
Grade 3,ELA,JES,1602813304,1055
Grade 3,ELA,JES,7078480406,1061
Grade 3,ELA,JES,8755682821,1036
Grade 3,ELA,JES,6084080887,1023
Grade 3,ELA,JES,7648827731,1071
Grade 3,ELA,JES,4365614604,1062
Grade 3,ELA,JES,1306564383,1044
Grade 3,ELA,JES,3648657316,1057
Grade 3,ELA,JES,6218441864,1055
Grade 3,ELA,JES,3130575208,1027
Grade 3,ELA,JES,8507327575,1045
Grade 3,ELA,JES,3528560770,1032
Grade 3,ELA,JES,4005362644,1026
Grade 3,ELA,JES,4451130318,1022
Grade 3,ELA,JES,5647374424,1040
Grade 3,ELA,JES,2431235236,1052
Grade 3,ELA,JES,7676748715,1049
Grade 3,ELA,JES,6473408828,1038
Grade 3,ELA,JES,3181746405,1059
Grade 3,ELA,JES,5046656366,1048
Grade 3,ELA,JES,1704303136,1034
Grade 3,ELA,JES,2722551776,1055
Grade 3,ELA,JES,1735324313,1050
Grade 3,ELA,JES,1257651028,1050
Grade 3,ELA,JES,5811008831,1031
Grade 3,ELA,JES,1204276513,1051
Grade 3,ELA,JES,6316648406,1041
Grade 3,ELA,JES,5501414176,1036
Grade 3,ELA,JES,8747201208,1031
Grade 3,ELA,JES,8280531855,1036
Grade 3,ELA,JES,5367106472,1047
Grade 3,ELA,JES,1100704076,1027
Grade 3,ELA,JES,2341286762,1030
Grade 3,ELA,JES,4568454346,1040
Grade 3,ELA,JES,8245686148,1065
Grade 3,ELA,JES,3175635018,1051
Grade 3,ELA,JES,1424873738,1032
Grade 3,ELA,JES,5752327143,1034
Grade 3,ELA,JES,2814047065,1014
Grade 3,ELA,JES,3277578547,1036
Grade 3,ELA,JES,3778788616,1037
Grade 3,ELA,JES,4226753134,1041
Grade 3,ELA,JES,2570713441,1032
Grade 3,ELA,JES,8413285113,1029
Grade 3,ELA,JES,2424208345,1036
Grade 3,ELA,JES,5830154723,1045
Grade 3,ELA,JES,2311850731,1047
Grade 3,ELA,JES,2420414122,1040
Grade 3,ELA,JES,6676268864,1043
Grade 3,ELA,JES,7647843844,1035
Grade 3,ELA,JES,4557816701,1027
Grade 3,ELA,JES,6735630016,1019
Grade 3,ELA,JES,5067105028,1038
Grade 3,ELA,JES,7377463648,1051
Grade 3,ELA,JES,2260086362,1058
Grade 3,ELA,JES,2168034076,1031
Grade 3,ELA,JES,3527414484,1038
Grade 3,ELA,JES,3138518076,1037
Grade 3,ELA,JES,2541182716,1024
Grade 3,ELA,JES,6827503402,1059
Grade 3,ELA,JES,8405016502,1019
Grade 3,ELA,JES,7152876078,1046
Grade 3,ELA,JES,5787616285,1045
Grade 3,ELA,JES,6524726685,1023
Grade 3,ELA,JES,3116015257,1043
Grade 3,ELA,JES,8067173482,1066
Grade 3,ELA,JES,5667226086,1078
Grade 3,ELA,JES,8303245882,1039
Grade 3,ELA,JES,2287476561,1065
Grade 3,ELA,JES,6165715221,1052
Grade 3,ELA,JES,2881038748,1037
Grade 3,ELA,JES,5313866484,1053
Grade 3,ELA,JES,2836052882,1039
Grade 3,ELA,JES,2866008355,1044
Grade 3,ELA,JES,4210607442,1036
Grade 3,ELA,JES,6871510122,1031
Grade 3,ELA,JES,3156850615,1038
Grade 3,ELA,JES,8835401482,1046
Grade 3,ELA,JES,5082608807,1055
Grade 3,ELA,JES,6116413456,1037
Grade 3,ELA,JES,5158358181,1032
Grade 3,ELA,JES,5150580058,1060
Grade 3,ELA,JES,8261273426,1038
Grade 3,ELA,JES,8421523675,1033
Grade 3,ELA,JES,7312700547,1031
Grade 3,ELA,JES,4632844042,1045
Grade 3,ELA,JES,7132112257,1040
Grade 3,ELA,JES,2454730318,1043
Grade 3,ELA,JES,8614778778,1045
Grade 3,ELA,JES,1708765204,1051
Grade 3,ELA,JES,6130588644,1046
Grade 3,ELA,JES,8041816874,1033
Grade 3,ELA,JES,600408023,1041
Grade 3,ELA,JES,5714872471,1058
Grade 3,ELA,JES,3031715247,1038
Grade 3,ELA,JES,2204764347,1036
Grade 3,ELA,JES,3028533753,1014
Grade 3,ELA,JES,2033467354,1055
Grade 3,ELA,JES,4125255115,1029
Grade 3,ELA,JES,8273618878,1028
Grade 3,ELA,JES,4232743058,1037
Grade 3,ELA,JES,7130545774,1017
Grade 3,ELA,JES,1880547758,1063
Grade 3,ELA,JES,7750245703,1031
Grade 3,ELA,JES,1233514554,1036
Grade 3,Math,JES,3168244726,1029
Grade 3,Math,JES,7705001668,1044
Grade 3,Math,JES,8484765607,1065
Grade 3,Math,JES,5223626628,1023
Grade 3,Math,JES,5028547643,1042
Grade 3,Math,JES,3861786836,1031
Grade 3,Math,JES,2640203506,1043
Grade 3,Math,JES,8500708032,1065
Grade 3,Math,JES,8083668056,1055
Grade 3,Math,JES,6514478468,1049
Grade 3,Math,JES,1013887236,1060
Grade 3,Math,JES,4458868127,1046
Grade 3,Math,JES,1638488407,1042
Grade 3,Math,JES,2585007716,1054
Grade 3,Math,JES,2578351713,1037
Grade 3,Math,JES,5244604684,1053
Grade 3,Math,JES,3187866752,1055
Grade 3,Math,JES,2861163328,1057
Grade 3,Math,JES,1602813304,1057
Grade 3,Math,JES,7078480406,1057
Grade 3,Math,JES,8755682821,1011
Grade 3,Math,JES,6084080887,1027
Grade 3,Math,JES,7648827731,1057
Grade 3,Math,JES,4365614604,1053
Grade 3,Math,JES,1306564383,1043
Grade 3,Math,JES,3648657316,1078
Grade 3,Math,JES,6218441864,1062
Grade 3,Math,JES,3130575208,1020
Grade 3,Math,JES,8507327575,1031
Grade 3,Math,JES,3528560770,1043
Grade 3,Math,JES,4005362644,1028
Grade 3,Math,JES,4451130318,1038
Grade 3,Math,JES,5647374424,1048
Grade 3,Math,JES,2431235236,1061
Grade 3,Math,JES,7676748715,1061
Grade 3,Math,JES,6473408828,1007
Grade 3,Math,JES,3181746405,1061
Grade 3,Math,JES,5046656366,1049
Grade 3,Math,JES,1704303136,1034
Grade 3,Math,JES,2722551776,1073
Grade 3,Math,JES,1735324313,1049
Grade 3,Math,JES,1257651028,1041
Grade 3,Math,JES,5811008831,1016
Grade 3,Math,JES,1204276513,1060
Grade 3,Math,JES,6316648406,1026
Grade 3,Math,JES,5501414176,1009
Grade 3,Math,JES,8747201208,1023
Grade 3,Math,JES,8280531855,1034
Grade 3,Math,JES,5367106472,1051
Grade 3,Math,JES,1100704076,1018
Grade 3,Math,JES,2341286762,1044
Grade 3,Math,JES,4568454346,1041
Grade 3,Math,JES,8245686148,1063
Grade 3,Math,JES,3175635018,1073
Grade 3,Math,JES,1424873738,1042
Grade 3,Math,JES,5752327143,1041
Grade 3,Math,JES,2814047065,1022
Grade 3,Math,JES,3277578547,1046
Grade 3,Math,JES,3778788616,1044
Grade 3,Math,JES,4226753134,1058
Grade 3,Math,JES,2570713441,1011
Grade 3,Math,JES,8413285113,1039
Grade 3,Math,JES,2424208345,1048
Grade 3,Math,JES,5830154723,1041
Grade 3,Math,JES,2311850731,1051
Grade 3,Math,JES,2420414122,1028
Grade 3,Math,JES,6676268864,1025
Grade 3,Math,JES,7647843844,1019
Grade 3,Math,JES,4557816701,1040
Grade 3,Math,JES,6735630016,1020
Grade 3,Math,JES,5067105028,1035
Grade 3,Math,JES,7377463648,1039
Grade 3,Math,JES,2260086362,1064
Grade 3,Math,JES,2168034076,1033
Grade 3,Math,JES,3527414484,1045
Grade 3,Math,JES,3138518076,1043
Grade 3,Math,JES,2541182716,1015
Grade 3,Math,JES,6827503402,1045
Grade 3,Math,JES,8405016502,1009
Grade 3,Math,JES,7152876078,1043
Grade 3,Math,JES,5787616285,1038
Grade 3,Math,JES,6524726685,1054
Grade 3,Math,JES,3116015257,1056
Grade 3,Math,JES,8067173482,1050
Grade 3,Math,JES,5667226086,1068
Grade 3,Math,JES,8303245882,1008
Grade 3,Math,JES,2287476561,1073
Grade 3,Math,JES,6165715221,1059
Grade 3,Math,JES,2881038748,1037
Grade 3,Math,JES,5313866484,1045
Grade 3,Math,JES,2836052882,1042
Grade 3,Math,JES,2866008355,1040
Grade 3,Math,JES,4210607442,1031
Grade 3,Math,JES,6871510122,1030
Grade 3,Math,JES,3156850615,1016
Grade 3,Math,JES,8835401482,1040
Grade 3,Math,JES,5082608807,1050
Grade 3,Math,JES,6116413456,1044
Grade 3,Math,JES,5158358181,1046
Grade 3,Math,JES,5150580058,1048
Grade 3,Math,JES,8261273426,1044
Grade 3,Math,JES,8421523675,1040
Grade 3,Math,JES,7312700547,1010
Grade 3,Math,JES,4632844042,1038
Grade 3,Math,JES,7132112257,1054
Grade 3,Math,JES,2454730318,1031
Grade 3,Math,JES,8614778778,1045
Grade 3,Math,JES,1708765204,1053
Grade 3,Math,JES,6130588644,1023
Grade 3,Math,JES,8041816874,1003
Grade 3,Math,JES,600408023,1060
Grade 3,Math,JES,5714872471,1039
Grade 3,Math,JES,3031715247,1038
Grade 3,Math,JES,2204764347,1052
Grade 3,Math,JES,3028533753,1034
Grade 3,Math,JES,2033467354,1048
Grade 3,Math,JES,4125255115,1039
Grade 3,Math,JES,8273618878,1047
Grade 3,Math,JES,4232743058,1051
Grade 3,Math,JES,7130545774,1012
Grade 3,Math,JES,1880547758,1065
Grade 3,Math,JES,7750245703,1013
Grade 3,Math,JES,1233514554,1045
Grade 3,Science,JES,3168244726,1041
Grade 3,Science,JES,7705001668,1051
Grade 3,Science,JES,8484765607,1059
Grade 3,Science,JES,5223626628,1041
Grade 3,Science,JES,5028547643,1035
Grade 3,Science,JES,3861786836,1046
Grade 3,Science,JES,2640203506,1047
Grade 3,Science,JES,8500708032,1065
Grade 3,Science,JES,8083668056,1067
Grade 3,Science,JES,6514478468,1040
Grade 3,Science,JES,1013887236,1048
Grade 3,Science,JES,4458868127,1043
Grade 3,Science,JES,1638488407,1047
Grade 3,Science,JES,2585007716,1051
Grade 3,Science,JES,2578351713,1035
Grade 3,Science,JES,5244604684,1046
Grade 3,Science,JES,3187866752,1048
Grade 3,Science,JES,2861163328,1052
Grade 3,Science,JES,1602813304,1054
Grade 3,Science,JES,7078480406,1063
Grade 3,Science,JES,8755682821,1016
Grade 3,Science,JES,6084080887,1042
Grade 3,Science,JES,7648827731,1043
Grade 3,Science,JES,4365614604,1041
Grade 3,Science,JES,1306564383,1038
Grade 3,Science,JES,3648657316,1055
Grade 3,Science,JES,6218441864,1065
Grade 3,Science,JES,3130575208,1045
Grade 3,Science,JES,8507327575,1037
Grade 3,Science,JES,3528560770,1046
Grade 3,Science,JES,4005362644,1037
Grade 3,Science,JES,4451130318,1032
Grade 3,Science,JES,5647374424,1028
Grade 3,Science,JES,2431235236,1054
Grade 3,Science,JES,7676748715,1064
Grade 3,Science,JES,6473408828,1031
Grade 3,Science,JES,3181746405,1059
Grade 3,Science,JES,5046656366,1037
Grade 3,Science,JES,1704303136,1043
Grade 3,Science,JES,2722551776,1053
Grade 3,Science,JES,1735324313,1048
Grade 3,Science,JES,1257651028,1034
Grade 3,Science,JES,5811008831,1023
Grade 3,Science,JES,1204276513,1050
Grade 3,Science,JES,6316648406,1039
Grade 3,Science,JES,5501414176,1026
Grade 3,Science,JES,8747201208,1050
Grade 3,Science,JES,8280531855,1038
Grade 3,Science,JES,5367106472,1054
Grade 3,Science,JES,1100704076,1022
Grade 3,Science,JES,2341286762,1048
Grade 3,Science,JES,4568454346,1046
Grade 3,Science,JES,8245686148,1053
Grade 3,Science,JES,3175635018,1047
Grade 3,Science,JES,1424873738,1041
Grade 3,Science,JES,5752327143,1029
Grade 3,Science,JES,2814047065,1044
Grade 3,Science,JES,3277578547,1040
Grade 3,Science,JES,3778788616,1044
Grade 3,Science,JES,4226753134,1035
Grade 3,Science,JES,2570713441,1032
Grade 3,Science,JES,8413285113,1039
Grade 3,Science,JES,2424208345,1041
Grade 3,Science,JES,5830154723,1039
Grade 3,Science,JES,2311850731,1041
Grade 3,Science,JES,2420414122,1034
Grade 3,Science,JES,6676268864,1037
Grade 3,Science,JES,7647843844,1055
Grade 3,Science,JES,4557816701,1048
Grade 3,Science,JES,6735630016,1042
Grade 3,Science,JES,5067105028,1049
Grade 3,Science,JES,7377463648,1041
Grade 3,Science,JES,2260086362,1050
Grade 3,Science,JES,2168034076,1040
Grade 3,Science,JES,3527414484,1047
Grade 3,Science,JES,3138518076,1045
Grade 3,Science,JES,2541182716,1045
Grade 3,Science,JES,6827503402,1066
Grade 3,Science,JES,8405016502,1035
Grade 3,Science,JES,7152876078,1042
Grade 3,Science,JES,5787616285,1042
Grade 3,Science,JES,6524726685,1058
Grade 3,Science,JES,3116015257,1052
Grade 3,Science,JES,8067173482,1046
Grade 3,Science,JES,5667226086,1077
Grade 3,Science,JES,8303245882,1025
Grade 3,Science,JES,2287476561,1067
Grade 3,Science,JES,6165715221,1066
Grade 3,Science,JES,2881038748,1025
Grade 3,Science,JES,5313866484,1036
Grade 3,Science,JES,2836052882,1039
Grade 3,Science,JES,2866008355,1044
Grade 3,Science,JES,4210607442,1027
Grade 3,Science,JES,6871510122,1031
Grade 3,Science,JES,3156850615,1026
Grade 3,Science,JES,8835401482,1054
Grade 3,Science,JES,5082608807,1051
Grade 3,Science,JES,6116413456,1033
Grade 3,Science,JES,5158358181,1050
Grade 3,Science,JES,5150580058,1044
Grade 3,Science,JES,8261273426,1044
Grade 3,Science,JES,8421523675,1042
Grade 3,Science,JES,7312700547,1041
Grade 3,Science,JES,4632844042,1044
Grade 3,Science,JES,7132112257,1045
Grade 3,Science,JES,2454730318,1035
Grade 3,Science,JES,8614778778,1043
Grade 3,Science,JES,1708765204,1049
Grade 3,Science,JES,6130588644,1051
Grade 3,Science,JES,8041816874,1029
Grade 3,Science,JES,600408023,1060
Grade 3,Science,JES,5714872471,1054
Grade 3,Science,JES,3031715247,1048
Grade 3,Science,JES,2204764347,1049
Grade 3,Science,JES,3028533753,1038
Grade 3,Science,JES,2033467354,1052
Grade 3,Science,JES,4125255115,1031
Grade 3,Science,JES,8273618878,1048
Grade 3,Science,JES,4232743058,1052
Grade 3,Science,JES,7130545774,1040
Grade 3,Science,JES,1880547758,1050
Grade 3,Science,JES,7750245703,1025
Grade 3,Science,JES,1233514554,1024
Grade 4,ELA,JMTES,1162006831,1041
Grade 4,ELA,JMTES,3305415077,1040
Grade 4,ELA,JMTES,2318871368,1068
Grade 4,ELA,JMTES,7188445256,1089
Grade 4,ELA,JMTES,3810624845,1054
Grade 4,ELA,JMTES,5211015278,1057
Grade 4,ELA,JMTES,2146268416,1073
Grade 4,ELA,JMTES,6844606373,1067
Grade 4,ELA,JMTES,5506771466,1083
Grade 4,ELA,JMTES,6118087155,1064
Grade 4,ELA,JMTES,3665542621,1050
Grade 4,ELA,JMTES,8418453515,1039
Grade 4,ELA,JMTES,8322632458,1050
Grade 4,ELA,JMTES,4538876842,1049
Grade 4,ELA,JMTES,2657612632,1045
Grade 4,ELA,JMTES,6810161036,1030
Grade 4,ELA,JMTES,5226446478,1034
Grade 4,ELA,JMTES,2170750422,1046
Grade 4,ELA,JMTES,6615730223,1039
Grade 4,ELA,JMTES,2368878476,1087
Grade 4,ELA,JMTES,2363450677,1060
Grade 4,ELA,JMTES,6062127608,1029
Grade 4,ELA,JMTES,4563378028,1042
Grade 4,ELA,JMTES,4285150713,1037
Grade 4,ELA,JMTES,1451021382,1071
Grade 4,ELA,JMTES,5033855414,1064
Grade 4,ELA,JMTES,8842882123,1063
Grade 4,ELA,JMTES,7341578872,1065
Grade 4,ELA,JMTES,8554488526,1075
Grade 4,ELA,JMTES,1612683466,1071
Grade 4,ELA,JMTES,5880253448,1041
Grade 4,ELA,JMTES,1561876006,1036
Grade 4,ELA,JMTES,1520336105,1058
Grade 4,ELA,JMTES,3506122845,1047
Grade 4,ELA,JMTES,4135078173,1057
Grade 4,ELA,JMTES,8710087381,1066
Grade 4,ELA,JMTES,4572448248,1051
Grade 4,ELA,JMTES,7545107754,1053
Grade 4,ELA,JMTES,2481264355,1040
Grade 4,ELA,JMTES,6565143361,1051
Grade 4,ELA,JMTES,2232567325,1045
Grade 4,ELA,JMTES,2436118416,1036
Grade 4,ELA,JMTES,3250303227,1017
Grade 4,ELA,JMTES,2865211251,1055
Grade 4,ELA,JMTES,7532463031,1054
Grade 4,ELA,JMTES,2401831781,1045
Grade 4,ELA,JMTES,6157347232,1054
Grade 4,ELA,JMTES,1315745302,1039
Grade 4,ELA,JMTES,3184567403,1031
Grade 4,ELA,JMTES,7338167117,1043
Grade 4,ELA,JMTES,3271505584,1041
Grade 4,ELA,JMTES,4382831712,1039
Grade 4,ELA,JMTES,1816302634,1068
Grade 4,ELA,JMTES,3664874024,1038
Grade 4,ELA,JMTES,3086426141,1068
Grade 4,ELA,JMTES,1325788223,1059
Grade 4,ELA,JMTES,1388351827,1061
Grade 4,ELA,JMTES,3746081372,1065
Grade 4,ELA,JMTES,8143284674,1051
Grade 4,ELA,JMTES,4433180550,1076
Grade 4,ELA,JMTES,1036381026,1064
Grade 4,ELA,JMTES,2773637117,1051
Grade 4,ELA,JMTES,2428072217,1074
Grade 4,ELA,JMTES,8675730682,1041
Grade 4,ELA,JMTES,7650711335,1049
Grade 4,ELA,JMTES,5072385583,1043
Grade 4,ELA,JMTES,5814844866,1044
Grade 4,ELA,JMTES,4210150607,1080
Grade 4,ELA,JMTES,5027310145,1053
Grade 4,ELA,JMTES,8646151124,1083
Grade 4,ELA,JMTES,1714200402,1094
Grade 4,ELA,JMTES,8701831787,1075
Grade 4,ELA,JMTES,1434360337,1078
Grade 4,ELA,JMTES,6840603686,1062
Grade 4,ELA,JMTES,7048472856,1050
Grade 4,ELA,JMTES,5184706524,1054
Grade 4,ELA,JMTES,3751516541,1066
Grade 4,Math,JMTES,1162006831,1043
Grade 4,Math,JMTES,3305415077,1035
Grade 4,Math,JMTES,2318871368,1071
Grade 4,Math,JMTES,7188445256,1076
Grade 4,Math,JMTES,3810624845,1047
Grade 4,Math,JMTES,5211015278,1050
Grade 4,Math,JMTES,2146268416,1083
Grade 4,Math,JMTES,6844606373,1062
Grade 4,Math,JMTES,5506771466,1083
Grade 4,Math,JMTES,6118087155,1064
Grade 4,Math,JMTES,3665542621,1050
Grade 4,Math,JMTES,8418453515,1022
Grade 4,Math,JMTES,8322632458,1040
Grade 4,Math,JMTES,4538876842,1037
Grade 4,Math,JMTES,2657612632,1046
Grade 4,Math,JMTES,6810161036,1043
Grade 4,Math,JMTES,5226446478,1030
Grade 4,Math,JMTES,2170750422,1047
Grade 4,Math,JMTES,6615730223,1041
Grade 4,Math,JMTES,2368878476,1061
Grade 4,Math,JMTES,2363450677,1060
Grade 4,Math,JMTES,6062127608,1036
Grade 4,Math,JMTES,4563378028,1047
Grade 4,Math,JMTES,4285150713,1026
Grade 4,Math,JMTES,1451021382,1064
Grade 4,Math,JMTES,5033855414,1045
Grade 4,Math,JMTES,8842882123,1062
Grade 4,Math,JMTES,7341578872,1076
Grade 4,Math,JMTES,8554488526,1074
Grade 4,Math,JMTES,1612683466,1066
Grade 4,Math,JMTES,5880253448,1042
Grade 4,Math,JMTES,1561876006,1039
Grade 4,Math,JMTES,1520336105,1041
Grade 4,Math,JMTES,3506122845,1048
Grade 4,Math,JMTES,4135078173,1073
Grade 4,Math,JMTES,8710087381,1057
Grade 4,Math,JMTES,4572448248,1039
Grade 4,Math,JMTES,7545107754,1076
Grade 4,Math,JMTES,2481264355,1045
Grade 4,Math,JMTES,6565143361,1038
Grade 4,Math,JMTES,2232567325,1035
Grade 4,Math,JMTES,2436118416,1036
Grade 4,Math,JMTES,3250303227,1009
Grade 4,Math,JMTES,2865211251,1053
Grade 4,Math,JMTES,7532463031,1046
Grade 4,Math,JMTES,2401831781,1045
Grade 4,Math,JMTES,6157347232,1070
Grade 4,Math,JMTES,1315745302,1036
Grade 4,Math,JMTES,3184567403,1041
Grade 4,Math,JMTES,7338167117,1054
Grade 4,Math,JMTES,3271505584,1031
Grade 4,Math,JMTES,4382831712,1052
Grade 4,Math,JMTES,1816302634,1058
Grade 4,Math,JMTES,3664874024,1046
Grade 4,Math,JMTES,3086426141,1079
Grade 4,Math,JMTES,1325788223,1046
Grade 4,Math,JMTES,1388351827,1051
Grade 4,Math,JMTES,3746081372,1057
Grade 4,Math,JMTES,8143284674,1047
Grade 4,Math,JMTES,4433180550,1063
Grade 4,Math,JMTES,1036381026,1067
Grade 4,Math,JMTES,2773637117,1044
Grade 4,Math,JMTES,2428072217,1065
Grade 4,Math,JMTES,8675730682,1045
Grade 4,Math,JMTES,7650711335,1042
Grade 4,Math,JMTES,5072385583,1043
Grade 4,Math,JMTES,5814844866,1050
Grade 4,Math,JMTES,4210150607,1078
Grade 4,Math,JMTES,5027310145,1053
Grade 4,Math,JMTES,8646151124,1077
Grade 4,Math,JMTES,1714200402,1096
Grade 4,Math,JMTES,8701831787,1069
Grade 4,Math,JMTES,1434360337,1074
Grade 4,Math,JMTES,6840603686,1044
Grade 4,Math,JMTES,7048472856,1059
Grade 4,Math,JMTES,5184706524,1047
Grade 4,Math,JMTES,3751516541,1053
Grade 4,Science,JMTES,1162006831,1049
Grade 4,Science,JMTES,3305415077,1026
Grade 4,Science,JMTES,2318871368,1081
Grade 4,Science,JMTES,7188445256,1063
Grade 4,Science,JMTES,3810624845,1060
Grade 4,Science,JMTES,5211015278,1042
Grade 4,Science,JMTES,2146268416,1071
Grade 4,Science,JMTES,6844606373,1057
Grade 4,Science,JMTES,5506771466,1079
Grade 4,Science,JMTES,6118087155,1059
Grade 4,Science,JMTES,3665542621,1044
Grade 4,Science,JMTES,8418453515,1043
Grade 4,Science,JMTES,8322632458,1045
Grade 4,Science,JMTES,4538876842,1055
Grade 4,Science,JMTES,2657612632,1041
Grade 4,Science,JMTES,6810161036,1052
Grade 4,Science,JMTES,5226446478,1030
Grade 4,Science,JMTES,2170750422,1049
Grade 4,Science,JMTES,6615730223,1041
Grade 4,Science,JMTES,2368878476,1074
Grade 4,Science,JMTES,2363450677,1058
Grade 4,Science,JMTES,6062127608,1042
Grade 4,Science,JMTES,4563378028,1045
Grade 4,Science,JMTES,4285150713,1018
Grade 4,Science,JMTES,1451021382,1061
Grade 4,Science,JMTES,5033855414,1052
Grade 4,Science,JMTES,8842882123,1065
Grade 4,Science,JMTES,7341578872,1073
Grade 4,Science,JMTES,8554488526,1054
Grade 4,Science,JMTES,1612683466,1066
Grade 4,Science,JMTES,5880253448,1044
Grade 4,Science,JMTES,1561876006,1027
Grade 4,Science,JMTES,1520336105,1054
Grade 4,Science,JMTES,3506122845,1034
Grade 4,Science,JMTES,4135078173,1070
Grade 4,Science,JMTES,8710087381,1056
Grade 4,Science,JMTES,4572448248,1036
Grade 4,Science,JMTES,7545107754,1085
Grade 4,Science,JMTES,2481264355,1043
Grade 4,Science,JMTES,6565143361,1050
Grade 4,Science,JMTES,2232567325,1052
Grade 4,Science,JMTES,2436118416,1033
Grade 4,Science,JMTES,3250303227,1041
Grade 4,Science,JMTES,2865211251,1057
Grade 4,Science,JMTES,7532463031,1050
Grade 4,Science,JMTES,2401831781,1052
Grade 4,Science,JMTES,6157347232,1065
Grade 4,Science,JMTES,1315745302,1052
Grade 4,Science,JMTES,3184567403,1040
Grade 4,Science,JMTES,7338167117,1047
Grade 4,Science,JMTES,3271505584,1052
Grade 4,Science,JMTES,4382831712,1038
Grade 4,Science,JMTES,1816302634,1064
Grade 4,Science,JMTES,3664874024,1045
Grade 4,Science,JMTES,3086426141,1083
Grade 4,Science,JMTES,1325788223,1058
Grade 4,Science,JMTES,1388351827,1055
Grade 4,Science,JMTES,3746081372,1044
Grade 4,Science,JMTES,8143284674,1046
Grade 4,Science,JMTES,4433180550,1078
Grade 4,Science,JMTES,1036381026,1047
Grade 4,Science,JMTES,2773637117,1051
Grade 4,Science,JMTES,2428072217,1054
Grade 4,Science,JMTES,8675730682,1041
Grade 4,Science,JMTES,7650711335,1050
Grade 4,Science,JMTES,5072385583,1040
Grade 4,Science,JMTES,5814844866,1047
Grade 4,Science,JMTES,4210150607,1074
Grade 4,Science,JMTES,5027310145,1040
Grade 4,Science,JMTES,8646151124,1085
Grade 4,Science,JMTES,1714200402,1099
Grade 4,Science,JMTES,8701831787,1074
Grade 4,Science,JMTES,1434360337,1066
Grade 4,Science,JMTES,6840603686,1058
Grade 4,Science,JMTES,7048472856,1053
Grade 4,Science,JMTES,5184706524,1056
Grade 4,Science,JMTES,3751516541,1060
Grade 4,ELA,JES,4214802364,1035
Grade 4,ELA,JES,2657633832,1047
Grade 4,ELA,JES,8184741247,1039
Grade 4,ELA,JES,5800551348,1040
Grade 4,ELA,JES,3635254245,1060
Grade 4,ELA,JES,7002238318,1049
Grade 4,ELA,JES,7344163004,1036
Grade 4,ELA,JES,8240027078,1037
Grade 4,ELA,JES,8004324704,1042
Grade 4,ELA,JES,1366136632,1053
Grade 4,ELA,JES,3141843817,1067
Grade 4,ELA,JES,3436533268,1045
Grade 4,ELA,JES,3568661471,1031
Grade 4,ELA,JES,8722731616,1035
Grade 4,ELA,JES,8188131037,1029
Grade 4,ELA,JES,6125833007,1026
Grade 4,ELA,JES,7421372336,1057
Grade 4,ELA,JES,2116338447,1037
Grade 4,ELA,JES,3344545822,1060
Grade 4,ELA,JES,8702275346,1066
Grade 4,ELA,JES,4887731453,1034
Grade 4,ELA,JES,5606611828,1044
Grade 4,ELA,JES,2236071314,1054
Grade 4,ELA,JES,4804086035,1014
Grade 4,ELA,JES,7137156747,1058
Grade 4,ELA,JES,6048471102,1032
Grade 4,ELA,JES,2660327817,1030
Grade 4,ELA,JES,8878338575,1057
Grade 4,ELA,JES,3407076078,1042
Grade 4,ELA,JES,7472547723,1044
Grade 4,ELA,JES,5807510106,1041
Grade 4,ELA,JES,7158076283,1040
Grade 4,ELA,JES,2152265138,1030
Grade 4,ELA,JES,6360518432,1029
Grade 4,ELA,JES,4311066064,1043
Grade 4,ELA,JES,4887582862,1051
Grade 4,ELA,JES,2411857254,1067
Grade 4,ELA,JES,1442365251,1052
Grade 4,ELA,JES,1315475332,1053
Grade 4,ELA,JES,1003547035,1058
Grade 4,ELA,JES,6503281042,1047
Grade 4,ELA,JES,3281680855,1038
Grade 4,ELA,JES,8420081121,1024
Grade 4,ELA,JES,6234056524,1037
Grade 4,ELA,JES,2273042181,1035
Grade 4,ELA,JES,1656538142,1068
Grade 4,ELA,JES,6051566547,1049
Grade 4,ELA,JES,6120673272,1053
Grade 4,ELA,JES,2117206223,1032
Grade 4,ELA,JES,4731811801,1068
Grade 4,ELA,JES,2448573604,1024
Grade 4,ELA,JES,1487202456,1056
Grade 4,ELA,JES,4126300583,1024
Grade 4,ELA,JES,1212377433,1051
Grade 4,ELA,JES,1261820131,1071
Grade 4,ELA,JES,6230276023,1059
Grade 4,ELA,JES,8080585353,1035
Grade 4,ELA,JES,5048667344,1052
Grade 4,ELA,JES,7800743661,1034
Grade 4,ELA,JES,3443352366,1049
Grade 4,ELA,JES,5425603276,1037
Grade 4,ELA,JES,3656673746,1037
Grade 4,ELA,JES,4177280181,1026
Grade 4,ELA,JES,6461614856,1037
Grade 4,ELA,JES,6188618147,1037
Grade 4,ELA,JES,8725571413,1028
Grade 4,ELA,JES,3040411732,1049
Grade 4,ELA,JES,2323474117,1052
Grade 4,ELA,JES,3235448644,1039
Grade 4,ELA,JES,8567505826,1031
Grade 4,ELA,JES,2525784624,1056
Grade 4,ELA,JES,2815548327,1046
Grade 4,ELA,JES,3527061446,1043
Grade 4,ELA,JES,7887554776,1038
Grade 4,ELA,JES,2340684868,1032
Grade 4,ELA,JES,4136404406,1059
Grade 4,ELA,JES,3887387158,1035
Grade 4,ELA,JES,2321748402,1040
Grade 4,ELA,JES,8116418677,1033
Grade 4,ELA,JES,7382022432,1038
Grade 4,ELA,JES,3680115373,1033
Grade 4,ELA,JES,7022308152,1065
Grade 4,ELA,JES,4708700732,1036
Grade 4,ELA,JES,6252110443,1038
Grade 4,ELA,JES,5651013703,1074
Grade 4,ELA,JES,7500885764,1052
Grade 4,ELA,JES,7330814648,1074
Grade 4,ELA,JES,3432482532,1025
Grade 4,ELA,JES,3180482545,1041
Grade 4,ELA,JES,3370556023,1039
Grade 4,ELA,JES,8722775477,1034
Grade 4,ELA,JES,5244322071,1066
Grade 4,ELA,JES,4270312426,1070
Grade 4,ELA,JES,1472586433,1037
Grade 4,ELA,JES,7655802573,1053
Grade 4,ELA,JES,4521377123,1023
Grade 4,ELA,JES,600406742,1031
Grade 4,ELA,JES,4387414465,1036
Grade 4,ELA,JES,7657112423,1033
Grade 4,ELA,JES,7115867086,1044
Grade 4,ELA,JES,3411820834,1033
Grade 4,ELA,JES,5384678741,1043
Grade 4,ELA,JES,2567532522,1060
Grade 4,ELA,JES,8848316402,1065
Grade 4,ELA,JES,1101866587,1034
Grade 4,ELA,JES,4287886506,1066
Grade 4,ELA,JES,8364104872,1043
Grade 4,ELA,JES,4574645114,1028
Grade 4,ELA,JES,3028761608,1026
Grade 4,ELA,JES,2355645882,1071
Grade 4,ELA,JES,3436580272,1048
Grade 4,ELA,JES,8340075751,1068
Grade 4,ELA,JES,2750206478,1034
Grade 4,ELA,JES,3567458782,1065
Grade 4,ELA,JES,4327067882,1060
Grade 4,ELA,JES,1846181806,1027
Grade 4,ELA,JES,7766732788,1036
Grade 4,ELA,JES,7200608535,1036
Grade 4,ELA,JES,5570310174,1045
Grade 4,ELA,JES,3440850873,1034
Grade 4,Math,JES,4214802364,1047
Grade 4,Math,JES,2657633832,1044
Grade 4,Math,JES,8184741247,1045
Grade 4,Math,JES,5800551348,1046
Grade 4,Math,JES,3635254245,1048
Grade 4,Math,JES,7002238318,1044
Grade 4,Math,JES,7344163004,1046
Grade 4,Math,JES,8240027078,1015
Grade 4,Math,JES,8004324704,1024
Grade 4,Math,JES,1366136632,1044
Grade 4,Math,JES,3141843817,1063
Grade 4,Math,JES,3436533268,1046
Grade 4,Math,JES,3568661471,1022
Grade 4,Math,JES,8722731616,1035
Grade 4,Math,JES,8188131037,1043
Grade 4,Math,JES,6125833007,1037
Grade 4,Math,JES,7421372336,1054
Grade 4,Math,JES,2116338447,1034
Grade 4,Math,JES,3344545822,1057
Grade 4,Math,JES,8702275346,1054
Grade 4,Math,JES,4887731453,1025
Grade 4,Math,JES,5606611828,1035
Grade 4,Math,JES,2236071314,1026
Grade 4,Math,JES,4804086035,1001
Grade 4,Math,JES,7137156747,1054
Grade 4,Math,JES,6048471102,1019
Grade 4,Math,JES,2660327817,1020
Grade 4,Math,JES,8878338575,1033
Grade 4,Math,JES,3407076078,1061
Grade 4,Math,JES,7472547723,1044
Grade 4,Math,JES,5807510106,1047
Grade 4,Math,JES,7158076283,1040
Grade 4,Math,JES,2152265138,1041
Grade 4,Math,JES,6360518432,1044
Grade 4,Math,JES,4311066064,1054
Grade 4,Math,JES,4887582862,1041
Grade 4,Math,JES,1025148281,1053
Grade 4,Math,JES,2411857254,1062
Grade 4,Math,JES,1442365251,1050
Grade 4,Math,JES,1315475332,1046
Grade 4,Math,JES,1003547035,1045
Grade 4,Math,JES,6503281042,1058
Grade 4,Math,JES,3281680855,1005
Grade 4,Math,JES,8420081121,1029
Grade 4,Math,JES,6234056524,1020
Grade 4,Math,JES,2273042181,1025
Grade 4,Math,JES,1656538142,1061
Grade 4,Math,JES,6051566547,1062
Grade 4,Math,JES,6120673272,1042
Grade 4,Math,JES,2117206223,1039
Grade 4,Math,JES,4731811801,1047
Grade 4,Math,JES,2448573604,1011
Grade 4,Math,JES,1487202456,1043
Grade 4,Math,JES,4126300583,1008
Grade 4,Math,JES,1212377433,1054
Grade 4,Math,JES,1261820131,1054
Grade 4,Math,JES,6230276023,1074
Grade 4,Math,JES,8080585353,1013
Grade 4,Math,JES,5048667344,1057
Grade 4,Math,JES,7800743661,1015
Grade 4,Math,JES,3443352366,1053
Grade 4,Math,JES,5425603276,1006
Grade 4,Math,JES,3656673746,1033
Grade 4,Math,JES,4177280181,1050
Grade 4,Math,JES,6461614856,1051
Grade 4,Math,JES,6188618147,1041
Grade 4,Math,JES,8725571413,1023
Grade 4,Math,JES,3040411732,1027
Grade 4,Math,JES,2323474117,1035
Grade 4,Math,JES,3235448644,1033
Grade 4,Math,JES,8567505826,1019
Grade 4,Math,JES,2525784624,1034
Grade 4,Math,JES,2815548327,1055
Grade 4,Math,JES,3527061446,1048
Grade 4,Math,JES,7887554776,1031
Grade 4,Math,JES,2340684868,1008
Grade 4,Math,JES,4136404406,1053
Grade 4,Math,JES,3887387158,1043
Grade 4,Math,JES,2321748402,1033
Grade 4,Math,JES,8116418677,1014
Grade 4,Math,JES,7382022432,1039
Grade 4,Math,JES,3680115373,1033
Grade 4,Math,JES,7022308152,1063
Grade 4,Math,JES,4708700732,1030
Grade 4,Math,JES,6252110443,1036
Grade 4,Math,JES,5651013703,1072
Grade 4,Math,JES,7500885764,1043
Grade 4,Math,JES,7330814648,1080
Grade 4,Math,JES,3432482532,1001
Grade 4,Math,JES,3180482545,1027
Grade 4,Math,JES,3370556023,1023
Grade 4,Math,JES,8722775477,1014
Grade 4,Math,JES,5244322071,1062
Grade 4,Math,JES,4270312426,1058
Grade 4,Math,JES,1472586433,1048
Grade 4,Math,JES,7655802573,1053
Grade 4,Math,JES,4521377123,1032
Grade 4,Math,JES,600406742,1029
Grade 4,Math,JES,4387414465,1049
Grade 4,Math,JES,7657112423,1003
Grade 4,Math,JES,7115867086,1031
Grade 4,Math,JES,3411820834,1030
Grade 4,Math,JES,5384678741,1048
Grade 4,Math,JES,2567532522,1057
Grade 4,Math,JES,8848316402,1048
Grade 4,Math,JES,1101866587,1037
Grade 4,Math,JES,4287886506,1057
Grade 4,Math,JES,8364104872,1044
Grade 4,Math,JES,4574645114,1013
Grade 4,Math,JES,3028761608,1021
Grade 4,Math,JES,2355645882,1084
Grade 4,Math,JES,3436580272,1055
Grade 4,Math,JES,8340075751,1061
Grade 4,Math,JES,2750206478,1039
Grade 4,Math,JES,3567458782,1048
Grade 4,Math,JES,4327067882,1030
Grade 4,Math,JES,1846181806,1027
Grade 4,Math,JES,7766732788,1055
Grade 4,Math,JES,7200608535,1042
Grade 4,Math,JES,5570310174,1045
Grade 4,Math,JES,3440850873,1035
Grade 4,Science,JES,4214802364,1038
Grade 4,Science,JES,2657633832,1048
Grade 4,Science,JES,8184741247,1045
Grade 4,Science,JES,5800551348,1040
Grade 4,Science,JES,3635254245,1058
Grade 4,Science,JES,7002238318,1042
Grade 4,Science,JES,7344163004,1032
Grade 4,Science,JES,8240027078,1038
Grade 4,Science,JES,8004324704,1047
Grade 4,Science,JES,1366136632,1043
Grade 4,Science,JES,3141843817,1074
Grade 4,Science,JES,3436533268,1040
Grade 4,Science,JES,3568661471,1031
Grade 4,Science,JES,8722731616,1023
Grade 4,Science,JES,8188131037,1042
Grade 4,Science,JES,6125833007,1041
Grade 4,Science,JES,7421372336,1055
Grade 4,Science,JES,2116338447,1039
Grade 4,Science,JES,3344545822,1047
Grade 4,Science,JES,8702275346,1050
Grade 4,Science,JES,4887731453,1025
Grade 4,Science,JES,5606611828,1039
Grade 4,Science,JES,2236071314,1040
Grade 4,Science,JES,4804086035,1026
Grade 4,Science,JES,7137156747,1038
Grade 4,Science,JES,6048471102,1031
Grade 4,Science,JES,2660327817,1040
Grade 4,Science,JES,8878338575,1048
Grade 4,Science,JES,3407076078,1041
Grade 4,Science,JES,7472547723,1045
Grade 4,Science,JES,5807510106,1041
Grade 4,Science,JES,7158076283,1042
Grade 4,Science,JES,2152265138,1045
Grade 4,Science,JES,6360518432,1049
Grade 4,Science,JES,4311066064,1041
Grade 4,Science,JES,4887582862,1052
Grade 4,Science,JES,1025148281,1056
Grade 4,Science,JES,2411857254,1071
Grade 4,Science,JES,1442365251,1044
Grade 4,Science,JES,1315475332,1043
Grade 4,Science,JES,1003547035,1047
Grade 4,Science,JES,6503281042,1048
Grade 4,Science,JES,3281680855,1034
Grade 4,Science,JES,8420081121,1039
Grade 4,Science,JES,6234056524,1037
Grade 4,Science,JES,2273042181,1034
Grade 4,Science,JES,1656538142,1061
Grade 4,Science,JES,6051566547,1046
Grade 4,Science,JES,6120673272,1032
Grade 4,Science,JES,2117206223,1040
Grade 4,Science,JES,4731811801,1066
Grade 4,Science,JES,2448573604,1025
Grade 4,Science,JES,1487202456,1043
Grade 4,Science,JES,4126300583,1038
Grade 4,Science,JES,1212377433,1033
Grade 4,Science,JES,1261820131,1064
Grade 4,Science,JES,6230276023,1062
Grade 4,Science,JES,8080585353,1036
Grade 4,Science,JES,5048667344,1052
Grade 4,Science,JES,7800743661,1044
Grade 4,Science,JES,3443352366,1056
Grade 4,Science,JES,5425603276,1042
Grade 4,Science,JES,3656673746,1040
Grade 4,Science,JES,4177280181,1053
Grade 4,Science,JES,6461614856,1052
Grade 4,Science,JES,6188618147,1025
Grade 4,Science,JES,8725571413,1031
Grade 4,Science,JES,3040411732,1034
Grade 4,Science,JES,2323474117,1049
Grade 4,Science,JES,3235448644,1045
Grade 4,Science,JES,8567505826,1032
Grade 4,Science,JES,2525784624,1052
Grade 4,Science,JES,2815548327,1044
Grade 4,Science,JES,3527061446,1053
Grade 4,Science,JES,7887554776,1033
Grade 4,Science,JES,2340684868,1027
Grade 4,Science,JES,4136404406,1053
Grade 4,Science,JES,3887387158,1044
Grade 4,Science,JES,2321748402,1042
Grade 4,Science,JES,8116418677,1041
Grade 4,Science,JES,7382022432,1057
Grade 4,Science,JES,3680115373,1042
Grade 4,Science,JES,7022308152,1063
Grade 4,Science,JES,4708700732,1052
Grade 4,Science,JES,6252110443,1040
Grade 4,Science,JES,5651013703,1078
Grade 4,Science,JES,7500885764,1038
Grade 4,Science,JES,7330814648,1080
Grade 4,Science,JES,3432482532,1025
Grade 4,Science,JES,3180482545,1035
Grade 4,Science,JES,3370556023,1037
Grade 4,Science,JES,8722775477,1029
Grade 4,Science,JES,5244322071,1065
Grade 4,Science,JES,4270312426,1059
Grade 4,Science,JES,1472586433,1041
Grade 4,Science,JES,7655802573,1043
Grade 4,Science,JES,4521377123,1029
Grade 4,Science,JES,600406742,1034
Grade 4,Science,JES,4387414465,1035
Grade 4,Science,JES,7657112423,1034
Grade 4,Science,JES,7115867086,1039
Grade 4,Science,JES,3411820834,1044
Grade 4,Science,JES,5384678741,1062
Grade 4,Science,JES,2567532522,1062
Grade 4,Science,JES,8848316402,1056
Grade 4,Science,JES,1101866587,1042
Grade 4,Science,JES,4287886506,1066
Grade 4,Science,JES,8364104872,1047
Grade 4,Science,JES,4574645114,1042
Grade 4,Science,JES,3028761608,1035
Grade 4,Science,JES,2355645882,1064
Grade 4,Science,JES,3436580272,1042
Grade 4,Science,JES,8340075751,1057
Grade 4,Science,JES,2750206478,1045
Grade 4,Science,JES,3567458782,1061
Grade 4,Science,JES,4327067882,1030
Grade 4,Science,JES,1846181806,1030
Grade 4,Science,JES,7766732788,1048
Grade 4,Science,JES,7200608535,1044
Grade 4,Science,JES,5570310174,1065
Grade 4,Science,JES,3440850873,1042
Grade 5,ELA,JMTES,5620020550,1036
Grade 5,ELA,JMTES,6685286523,1052
Grade 5,ELA,JMTES,6825213355,1043
Grade 5,ELA,JMTES,7817611677,1071
Grade 5,ELA,JMTES,4741553057,1041
Grade 5,ELA,JMTES,2303270314,1061
Grade 5,ELA,JMTES,7685380261,1047
Grade 5,ELA,JMTES,8643281003,1038
Grade 5,ELA,JMTES,1410687146,1052
Grade 5,ELA,JMTES,5146060738,1038
Grade 5,ELA,JMTES,1037325713,1031
Grade 5,ELA,JMTES,2148447384,1076
Grade 5,ELA,JMTES,2764454506,1048
Grade 5,ELA,JMTES,8110637167,1062
Grade 5,ELA,JMTES,6825331586,1031
Grade 5,ELA,JMTES,3744142374,1069
Grade 5,ELA,JMTES,1708805727,1043
Grade 5,ELA,JMTES,8447470584,1070
Grade 5,ELA,JMTES,3408302264,1065
Grade 5,ELA,JMTES,4170432243,1064
Grade 5,ELA,JMTES,1355848166,1057
Grade 5,ELA,JMTES,8277081668,1057
Grade 5,ELA,JMTES,8671511847,1073
Grade 5,ELA,JMTES,4413517715,1046
Grade 5,ELA,JMTES,3326816702,1074
Grade 5,ELA,JMTES,4682365171,1021
Grade 5,ELA,JMTES,6046223837,1048
Grade 5,ELA,JMTES,8125147671,1058
Grade 5,ELA,JMTES,3703313137,1048
Grade 5,ELA,JMTES,7646077884,1038
Grade 5,ELA,JMTES,6267083013,1035
Grade 5,ELA,JMTES,6582245565,1055
Grade 5,ELA,JMTES,8245060372,1065
Grade 5,ELA,JMTES,3500358682,1029
Grade 5,ELA,JMTES,3450865264,1041
Grade 5,ELA,JMTES,2613845252,1031
Grade 5,ELA,JMTES,7181630116,1057
Grade 5,ELA,JMTES,1406143841,1056
Grade 5,ELA,JMTES,2687885447,1041
Grade 5,ELA,JMTES,4547170126,1059
Grade 5,ELA,JMTES,6731314378,1064
Grade 5,ELA,JMTES,4084433684,1073
Grade 5,ELA,JMTES,6214415134,1028
Grade 5,ELA,JMTES,2731456321,1025
Grade 5,ELA,JMTES,2503244207,1068
Grade 5,ELA,JMTES,5218830241,1023
Grade 5,ELA,JMTES,5776473107,1056
Grade 5,ELA,JMTES,2310280208,1053
Grade 5,ELA,JMTES,4883524245,1061
Grade 5,ELA,JMTES,7482660341,1057
Grade 5,ELA,JMTES,3713274858,1038
Grade 5,ELA,JMTES,6513573285,1035
Grade 5,ELA,JMTES,5331817645,1065
Grade 5,Math,JMTES,5620020550,1035
Grade 5,Math,JMTES,6685286523,1075
Grade 5,Math,JMTES,6825213355,1027
Grade 5,Math,JMTES,7817611677,1046
Grade 5,Math,JMTES,4741553057,1054
Grade 5,Math,JMTES,2303270314,1067
Grade 5,Math,JMTES,7685380261,1017
Grade 5,Math,JMTES,8643281003,1014
Grade 5,Math,JMTES,1410687146,1040
Grade 5,Math,JMTES,5146060738,1010
Grade 5,Math,JMTES,1037325713,1046
Grade 5,Math,JMTES,2148447384,1070
Grade 5,Math,JMTES,2764454506,1048
Grade 5,Math,JMTES,8110637167,1066
Grade 5,Math,JMTES,6825331586,1010
Grade 5,Math,JMTES,3744142374,1062
Grade 5,Math,JMTES,1708805727,1043
Grade 5,Math,JMTES,8447470584,1064
Grade 5,Math,JMTES,3408302264,1034
Grade 5,Math,JMTES,4170432243,1047
Grade 5,Math,JMTES,1355848166,1057
Grade 5,Math,JMTES,8277081668,1052
Grade 5,Math,JMTES,8671511847,1061
Grade 5,Math,JMTES,4413517715,1048
Grade 5,Math,JMTES,3326816702,1065
Grade 5,Math,JMTES,4682365171,1002
Grade 5,Math,JMTES,6046223837,1035
Grade 5,Math,JMTES,8125147671,1054
Grade 5,Math,JMTES,3703313137,1050
Grade 5,Math,JMTES,7646077884,1038
Grade 5,Math,JMTES,6267083013,1047
Grade 5,Math,JMTES,6582245565,1081
Grade 5,Math,JMTES,8245060372,1052
Grade 5,Math,JMTES,3500358682,1035
Grade 5,Math,JMTES,3450865264,1038
Grade 5,Math,JMTES,2613845252,1006
Grade 5,Math,JMTES,7181630116,1079
Grade 5,Math,JMTES,1406143841,1063
Grade 5,Math,JMTES,2687885447,1032
Grade 5,Math,JMTES,4547170126,1054
Grade 5,Math,JMTES,6731314378,1041
Grade 5,Math,JMTES,4084433684,1078
Grade 5,Math,JMTES,6214415134,1005
Grade 5,Math,JMTES,2731456321,1032
Grade 5,Math,JMTES,2503244207,1077
Grade 5,Math,JMTES,5218830241,1034
Grade 5,Math,JMTES,5776473107,1067
Grade 5,Math,JMTES,2310280208,1055
Grade 5,Math,JMTES,4883524245,1071
Grade 5,Math,JMTES,7482660341,1050
Grade 5,Math,JMTES,3713274858,1018
Grade 5,Math,JMTES,6513573285,1031
Grade 5,Math,JMTES,5331817645,1059
Grade 5,Science,JMTES,5620020550,1032
Grade 5,Science,JMTES,6685286523,1056
Grade 5,Science,JMTES,6825213355,1046
Grade 5,Science,JMTES,7817611677,1061
Grade 5,Science,JMTES,4741553057,1044
Grade 5,Science,JMTES,2303270314,1065
Grade 5,Science,JMTES,7685380261,1032
Grade 5,Science,JMTES,8643281003,1038
Grade 5,Science,JMTES,1410687146,1043
Grade 5,Science,JMTES,5146060738,1039
Grade 5,Science,JMTES,1037325713,1046
Grade 5,Science,JMTES,2148447384,1083
Grade 5,Science,JMTES,2764454506,1049
Grade 5,Science,JMTES,8110637167,1063
Grade 5,Science,JMTES,6825331586,1041
Grade 5,Science,JMTES,3744142374,1075
Grade 5,Science,JMTES,1708805727,1050
Grade 5,Science,JMTES,8447470584,1059
Grade 5,Science,JMTES,3408302264,1068
Grade 5,Science,JMTES,4170432243,1057
Grade 5,Science,JMTES,1355848166,1062
Grade 5,Science,JMTES,8277081668,1053
Grade 5,Science,JMTES,8671511847,1063
Grade 5,Science,JMTES,4413517715,1054
Grade 5,Science,JMTES,3326816702,1059
Grade 5,Science,JMTES,4682365171,1035
Grade 5,Science,JMTES,6046223837,1038
Grade 5,Science,JMTES,8125147671,1063
Grade 5,Science,JMTES,3703313137,1062
Grade 5,Science,JMTES,7646077884,1029
Grade 5,Science,JMTES,6267083013,1062
Grade 5,Science,JMTES,6582245565,1061
Grade 5,Science,JMTES,8245060372,1071
Grade 5,Science,JMTES,3500358682,1036
Grade 5,Science,JMTES,3450865264,1037
Grade 5,Science,JMTES,2613845252,1036
Grade 5,Science,JMTES,7181630116,1082
Grade 5,Science,JMTES,1406143841,1052
Grade 5,Science,JMTES,2687885447,1039
Grade 5,Science,JMTES,4547170126,1058
Grade 5,Science,JMTES,6731314378,1053
Grade 5,Science,JMTES,4084433684,1087
Grade 5,Science,JMTES,6214415134,1029
Grade 5,Science,JMTES,2731456321,1042
Grade 5,Science,JMTES,2503244207,1083
Grade 5,Science,JMTES,5218830241,1033
Grade 5,Science,JMTES,5776473107,1062
Grade 5,Science,JMTES,2310280208,1047
Grade 5,Science,JMTES,4883524245,1070
Grade 5,Science,JMTES,7482660341,1058
Grade 5,Science,JMTES,3713274858,1044
Grade 5,Science,JMTES,6513573285,1040
Grade 5,Science,JMTES,5331817645,1058
Grade 5,ELA,JES,2235183678,1036
Grade 5,ELA,JES,4345435652,1044
Grade 5,ELA,JES,5002041617,1048
Grade 5,ELA,JES,7515347017,1048
Grade 5,ELA,JES,1255451357,1073
Grade 5,ELA,JES,7317036114,1041
Grade 5,ELA,JES,7452322727,1056
Grade 5,ELA,JES,1635838636,1049
Grade 5,ELA,JES,1340741808,1038
Grade 5,ELA,JES,1300550405,1067
Grade 5,ELA,JES,7374672754,1082
Grade 5,ELA,JES,1262177285,1034
Grade 5,ELA,JES,4545421048,1031
Grade 5,ELA,JES,4660782683,1063
Grade 5,ELA,JES,8063365121,1042
Grade 5,ELA,JES,7312077861,1044
Grade 5,ELA,JES,7227538176,1047
Grade 5,ELA,JES,6121243745,1029
Grade 5,ELA,JES,3223517752,1041
Grade 5,ELA,JES,3322456126,1034
Grade 5,ELA,JES,5607183825,1040
Grade 5,ELA,JES,4770583367,1059
Grade 5,ELA,JES,8445582478,1040
Grade 5,ELA,JES,1620248451,1069
Grade 5,ELA,JES,7663567184,1026
Grade 5,ELA,JES,8461455441,1046
Grade 5,ELA,JES,2364774220,1032
Grade 5,ELA,JES,4245038186,1043
Grade 5,ELA,JES,6284814253,1049
Grade 5,ELA,JES,8451424668,1051
Grade 5,ELA,JES,4156115851,1056
Grade 5,ELA,JES,7477077506,1039
Grade 5,ELA,JES,6753865116,1035
Grade 5,ELA,JES,8526604052,1043
Grade 5,ELA,JES,1604807623,1044
Grade 5,ELA,JES,1324532547,1027
Grade 5,ELA,JES,4845356873,1029
Grade 5,ELA,JES,3483176817,1046
Grade 5,ELA,JES,4412624544,1044
Grade 5,ELA,JES,2131763618,1064
Grade 5,ELA,JES,4084038433,1033
Grade 5,ELA,JES,8007835425,1032
Grade 5,ELA,JES,1355804342,1036
Grade 5,ELA,JES,3551018725,1029
Grade 5,ELA,JES,3800260108,1030
Grade 5,ELA,JES,4727500441,1050
Grade 5,ELA,JES,2114053036,1022
Grade 5,ELA,JES,1736131518,1048
Grade 5,ELA,JES,2806022427,1036
Grade 5,ELA,JES,8635705008,1043
Grade 5,ELA,JES,5780036387,1033
Grade 5,ELA,JES,1601455787,1062
Grade 5,ELA,JES,4822467003,1066
Grade 5,ELA,JES,8656824758,1044
Grade 5,ELA,JES,6370164573,1067
Grade 5,ELA,JES,2841850073,1056
Grade 5,ELA,JES,7433164312,1037
Grade 5,ELA,JES,6405752735,1054
Grade 5,ELA,JES,3507135857,1048
Grade 5,ELA,JES,5353062577,1035
Grade 5,ELA,JES,6138783503,1039
Grade 5,ELA,JES,3533468546,1033
Grade 5,ELA,JES,1031432588,1041
Grade 5,ELA,JES,1827108748,1058
Grade 5,ELA,JES,5027154036,1046
Grade 5,ELA,JES,4458851707,1036
Grade 5,ELA,JES,5072554451,1042
Grade 5,ELA,JES,4480285403,1048
Grade 5,ELA,JES,4742650348,1048
Grade 5,ELA,JES,3473622533,1052
Grade 5,ELA,JES,8121042847,1015
Grade 5,ELA,JES,8011016476,1041
Grade 5,ELA,JES,7317271682,1061
Grade 5,ELA,JES,2761133575,1069
Grade 5,ELA,JES,8310724533,1055
Grade 5,ELA,JES,3605516084,1050
Grade 5,ELA,JES,4114044845,1029
Grade 5,ELA,JES,1836670543,1036
Grade 5,ELA,JES,8562635018,1051
Grade 5,ELA,JES,5308661253,1040
Grade 5,ELA,JES,4230051434,1041
Grade 5,ELA,JES,7128061166,1060
Grade 5,ELA,JES,3681348518,1038
Grade 5,ELA,JES,8623577687,1053
Grade 5,ELA,JES,4315204652,1043
Grade 5,ELA,JES,1216635262,1033
Grade 5,ELA,JES,8503236648,1055
Grade 5,ELA,JES,7643170485,1039
Grade 5,ELA,JES,4357532218,1040
Grade 5,ELA,JES,7582766458,1043
Grade 5,ELA,JES,6731785236,1038
Grade 5,ELA,JES,6507436812,1042
Grade 5,ELA,JES,7238478527,1042
Grade 5,ELA,JES,1706623566,1050
Grade 5,ELA,JES,7113813686,1054
Grade 5,ELA,JES,5136730113,1037
Grade 5,ELA,JES,1378568332,1042
Grade 5,ELA,JES,6623011663,1076
Grade 5,ELA,JES,2266152717,1052
Grade 5,Math,JES,2235183678,1050
Grade 5,Math,JES,4345435652,1042
Grade 5,Math,JES,5002041617,1080
Grade 5,Math,JES,7515347017,1045
Grade 5,Math,JES,1255451357,1064
Grade 5,Math,JES,7317036114,1036
Grade 5,Math,JES,7452322727,1052
Grade 5,Math,JES,1635838636,1033
Grade 5,Math,JES,1340741808,1039
Grade 5,Math,JES,1300550405,1064
Grade 5,Math,JES,7374672754,1060
Grade 5,Math,JES,1262177285,1040
Grade 5,Math,JES,4545421048,1046
Grade 5,Math,JES,4660782683,1062
Grade 5,Math,JES,8063365121,1042
Grade 5,Math,JES,7312077861,1068
Grade 5,Math,JES,7227538176,1043
Grade 5,Math,JES,6121243745,1002
Grade 5,Math,JES,3223517752,1037
Grade 5,Math,JES,3322456126,1046
Grade 5,Math,JES,5607183825,1049
Grade 5,Math,JES,4770583367,1048
Grade 5,Math,JES,8445582478,1049
Grade 5,Math,JES,1620248451,1053
Grade 5,Math,JES,7663567184,1027
Grade 5,Math,JES,8461455441,1043
Grade 5,Math,JES,2364774220,1021
Grade 5,Math,JES,4245038186,1051
Grade 5,Math,JES,6284814253,1047
Grade 5,Math,JES,8451424668,1052
Grade 5,Math,JES,4156115851,1060
Grade 5,Math,JES,7477077506,1042
Grade 5,Math,JES,6753865116,1002
Grade 5,Math,JES,8526604052,1028
Grade 5,Math,JES,1604807623,1040
Grade 5,Math,JES,1324532547,1006
Grade 5,Math,JES,4845356873,1002
Grade 5,Math,JES,3483176817,1049
Grade 5,Math,JES,4412624544,1037
Grade 5,Math,JES,2131763618,1066
Grade 5,Math,JES,4084038433,1006
Grade 5,Math,JES,8007835425,1032
Grade 5,Math,JES,1355804342,1024
Grade 5,Math,JES,3551018725,1029
Grade 5,Math,JES,3800260108,1039
Grade 5,Math,JES,4727500441,1069
Grade 5,Math,JES,2114053036,1047
Grade 5,Math,JES,1736131518,1046
Grade 5,Math,JES,2806022427,1027
Grade 5,Math,JES,8635705008,1060
Grade 5,Math,JES,5780036387,1002
Grade 5,Math,JES,1601455787,1045
Grade 5,Math,JES,4822467003,1050
Grade 5,Math,JES,8656824758,1035
Grade 5,Math,JES,6370164573,1056
Grade 5,Math,JES,2841850073,1044
Grade 5,Math,JES,7433164312,1028
Grade 5,Math,JES,6405752735,1038
Grade 5,Math,JES,3507135857,1055
Grade 5,Math,JES,5353062577,1042
Grade 5,Math,JES,6138783503,1046
Grade 5,Math,JES,3533468546,1020
Grade 5,Math,JES,1031432588,1054
Grade 5,Math,JES,1827108748,1053
Grade 5,Math,JES,5027154036,1032
Grade 5,Math,JES,4458851707,1002
Grade 5,Math,JES,5072554451,1032
Grade 5,Math,JES,4480285403,1054
Grade 5,Math,JES,4742650348,1051
Grade 5,Math,JES,3473622533,1033
Grade 5,Math,JES,8121042847,1002
Grade 5,Math,JES,8011016476,1041
Grade 5,Math,JES,7317271682,1056
Grade 5,Math,JES,2761133575,1050
Grade 5,Math,JES,8310724533,1040
Grade 5,Math,JES,3605516084,1055
Grade 5,Math,JES,4114044845,1011
Grade 5,Math,JES,1836670543,1017
Grade 5,Math,JES,8562635018,1051
Grade 5,Math,JES,5308661253,1027
Grade 5,Math,JES,4230051434,1042
Grade 5,Math,JES,7128061166,1044
Grade 5,Math,JES,3681348518,1033
Grade 5,Math,JES,8623577687,1045
Grade 5,Math,JES,4315204652,1033
Grade 5,Math,JES,1216635262,1051
Grade 5,Math,JES,8503236648,1040
Grade 5,Math,JES,7643170485,1035
Grade 5,Math,JES,4357532218,1030
Grade 5,Math,JES,7582766458,1025
Grade 5,Math,JES,6731785236,1029
Grade 5,Math,JES,6507436812,1023
Grade 5,Math,JES,7238478527,1051
Grade 5,Math,JES,1706623566,1031
Grade 5,Math,JES,7113813686,1056
Grade 5,Math,JES,5136730113,1044
Grade 5,Math,JES,1378568332,1044
Grade 5,Math,JES,6623011663,1069
Grade 5,Math,JES,2266152717,1040
Grade 5,Science,JES,2235183678,1049
Grade 5,Science,JES,4345435652,1047
Grade 5,Science,JES,5002041617,1077
Grade 5,Science,JES,7515347017,1037
Grade 5,Science,JES,1255451357,1065
Grade 5,Science,JES,7317036114,1034
Grade 5,Science,JES,7452322727,1038
Grade 5,Science,JES,1635838636,1033
Grade 5,Science,JES,1340741808,1037
Grade 5,Science,JES,1300550405,1061
Grade 5,Science,JES,7374672754,1065
Grade 5,Science,JES,1262177285,1051
Grade 5,Science,JES,4545421048,1050
Grade 5,Science,JES,4660782683,1049
Grade 5,Science,JES,8063365121,1035
Grade 5,Science,JES,7312077861,1045
Grade 5,Science,JES,7227538176,1048
Grade 5,Science,JES,6121243745,1019
Grade 5,Science,JES,3223517752,1031
Grade 5,Science,JES,3322456126,1037
Grade 5,Science,JES,5607183825,1030
Grade 5,Science,JES,4770583367,1046
Grade 5,Science,JES,8445582478,1054
Grade 5,Science,JES,1620248451,1060
Grade 5,Science,JES,7663567184,1028
Grade 5,Science,JES,8461455441,1044
Grade 5,Science,JES,2364774220,1035
Grade 5,Science,JES,4245038186,1047
Grade 5,Science,JES,6284814253,1045
Grade 5,Science,JES,8451424668,1031
Grade 5,Science,JES,4156115851,1071
Grade 5,Science,JES,7477077506,1045
Grade 5,Science,JES,6753865116,1038
Grade 5,Science,JES,8526604052,1032
Grade 5,Science,JES,1604807623,1038
Grade 5,Science,JES,1324532547,1025
Grade 5,Science,JES,4845356873,1030
Grade 5,Science,JES,3483176817,1028
Grade 5,Science,JES,4412624544,1052
Grade 5,Science,JES,2131763618,1066
Grade 5,Science,JES,4084038433,1036
Grade 5,Science,JES,1355804342,1025
Grade 5,Science,JES,3551018725,1027
Grade 5,Science,JES,3800260108,1048
Grade 5,Science,JES,4727500441,1049
Grade 5,Science,JES,2114053036,1039
Grade 5,Science,JES,1736131518,1037
Grade 5,Science,JES,2806022427,1035
Grade 5,Science,JES,8635705008,1068
Grade 5,Science,JES,5780036387,1030
Grade 5,Science,JES,1601455787,1058
Grade 5,Science,JES,4822467003,1053
Grade 5,Science,JES,8656824758,1044
Grade 5,Science,JES,6370164573,1056
Grade 5,Science,JES,2841850073,1048
Grade 5,Science,JES,7433164312,1035
Grade 5,Science,JES,6405752735,1043
Grade 5,Science,JES,3507135857,1051
Grade 5,Science,JES,5353062577,1039
Grade 5,Science,JES,6138783503,1043
Grade 5,Science,JES,3533468546,1032
Grade 5,Science,JES,1031432588,1042
Grade 5,Science,JES,1827108748,1056
Grade 5,Science,JES,5027154036,1029
Grade 5,Science,JES,4458851707,1036
Grade 5,Science,JES,5072554451,1043
Grade 5,Science,JES,4480285403,1026
Grade 5,Science,JES,4742650348,1052
Grade 5,Science,JES,3473622533,1030
Grade 5,Science,JES,8121042847,1033
Grade 5,Science,JES,8011016476,1051
Grade 5,Science,JES,7317271682,1048
Grade 5,Science,JES,2761133575,1052
Grade 5,Science,JES,8310724533,1055
Grade 5,Science,JES,3605516084,1037
Grade 5,Science,JES,4114044845,1025
Grade 5,Science,JES,1836670543,1032
Grade 5,Science,JES,8562635018,1046
Grade 5,Science,JES,5308661253,1038
Grade 5,Science,JES,4230051434,1044
Grade 5,Science,JES,7128061166,1051
Grade 5,Science,JES,3681348518,1034
Grade 5,Science,JES,8623577687,1047
Grade 5,Science,JES,4315204652,1035
Grade 5,Science,JES,1216635262,1040
Grade 5,Science,JES,8503236648,1042
Grade 5,Science,JES,7643170485,1042
Grade 5,Science,JES,4357532218,1031
Grade 5,Science,JES,7582766458,1024
Grade 5,Science,JES,6731785236,1049
Grade 5,Science,JES,6507436812,1037
Grade 5,Science,JES,7238478527,1040
Grade 5,Science,JES,1706623566,1049
Grade 5,Science,JES,7113813686,1036
Grade 5,Science,JES,5136730113,1032
Grade 5,Science,JES,1378568332,1041
Grade 5,Science,JES,6623011663,1070
Grade 5,Science,JES,2266152717,1046
